[{"DocumentTypeId":"WorkerCompensationRenewal.NoCategory.Amtrust","Keywords":[]},{"DocumentTypeId":"WorkerCompensationRenewal.NoCategory.Hartford","Keywords":[{"Values":["the","hartford"],"NumberOfTimesConfirmed":1,"LastUpdated":"2024-09-30T09:51:30.9664798+05:30"}]},{"DocumentTypeId":"WorkerCompensationRenewal.NoCategory.Travellors","Keywords":[{"Values":["travelers","indemnity","company","of","america"],"NumberOfTimesConfirmed":1,"LastUpdated":"2024-10-16T09:41:13.6657608+05:30"},{"Values":["travelers","casualty","and","surety","company"],"NumberOfTimesConfirmed":1,"LastUpdated":"2024-10-16T09:41:21.160271+05:30"},{"Values":["travelers"],"NumberOfTimesConfirmed":1,"LastUpdated":"2024-10-16T09:41:59.2963649+05:30"}]},{"DocumentTypeId":"WorkerCompensationRenewal.NoCategory.Zeinth","Keywords":[{"Values":["zenith","insurance","company"],"NumberOfTimesConfirmed":1,"LastUpdated":"2024-09-30T09:51:30.966658+05:30"}]}]
