﻿{
  "DataContractVersion": "1.1",
  "DocumentTypes": [
    {
      "Connections": [],
      "DocumentTypeId": "WorkerCompensationRenewal.NoCategory.Zeinth",
      "Group": "WorkerCompensationRenewal",
      "Category": "",
      "Name": "Zeinth",
      "OptionalUniqueIdentifier": "",
      "TypeField": {
        "FieldId": "WorkerCompensationRenewal.NoCategory.Zeinth.DocumentType",
        "FieldName": "Document Type"
      },
      "Fields": [
        {
          "FieldId": "WorkerCompensationRenewal.NoCategory.Zeinth.PolicyNumber",
          "FieldName": "Policy Number",
          "IsMultiValue": false,
          "Type": "Text",
          "DeriveFieldsFormat": "",
          "Components": [],
          "SetValues": [],
          "Metadata": [
            {
              "Key": "Color",
              "Value": "#038a18"
            },
            {
              "Key": "Hotkey",
              "Value": "l"
            }
          ],
          "RuleSet": null,
          "DefaultValue": "",
          "DataSource": null
        },
        {
          "FieldId": "WorkerCompensationRenewal.NoCategory.Zeinth.PriorPolicyNumber",
          "FieldName": "Prior Policy Number",
          "IsMultiValue": false,
          "Type": "Text",
          "DeriveFieldsFormat": "",
          "Components": [],
          "SetValues": [],
          "Metadata": [
            {
              "Key": "Color",
              "Value": "#fa6616"
            },
            {
              "Key": "Hotkey",
              "Value": "r"
            }
          ],
          "RuleSet": null,
          "DefaultValue": "",
          "DataSource": null
        },
        {
          "FieldId": "WorkerCompensationRenewal.NoCategory.Zeinth.InsuredName",
          "FieldName": "Insured Name",
          "IsMultiValue": false,
          "Type": "Name",
          "DeriveFieldsFormat": "",
          "Components": [],
          "SetValues": [],
          "Metadata": [
            {
              "Key": "Color",
              "Value": "#8a97a0"
            },
            {
              "Key": "Hotkey",
              "Value": "e"
            }
          ],
          "RuleSet": null,
          "DefaultValue": "",
          "DataSource": null
        },
        {
          "FieldId": "WorkerCompensationRenewal.NoCategory.Zeinth.DBAName",
          "FieldName": "DBA Name",
          "IsMultiValue": false,
          "Type": "Name",
          "DeriveFieldsFormat": "",
          "Components": [],
          "SetValues": [],
          "Metadata": [
            {
              "Key": "Color",
              "Value": "#6eb84a"
            },
            {
              "Key": "Hotkey",
              "Value": "a"
            }
          ],
          "RuleSet": null,
          "DefaultValue": "",
          "DataSource": null
        },
        {
          "FieldId": "WorkerCompensationRenewal.NoCategory.Zeinth.MailingAddress",
          "FieldName": "Mailing Address",
          "IsMultiValue": false,
          "Type": "Address",
          "DeriveFieldsFormat": "",
          "Components": [],
          "SetValues": [],
          "Metadata": [
            {
              "Key": "Color",
              "Value": "#5266fd"
            },
            {
              "Key": "Hotkey",
              "Value": "m"
            }
          ],
          "RuleSet": null,
          "DefaultValue": "",
          "DataSource": null
        },
        {
          "FieldId": "WorkerCompensationRenewal.NoCategory.Zeinth.CommercialLocation",
          "FieldName": "Commercial Location",
          "IsMultiValue": false,
          "Type": "Address",
          "DeriveFieldsFormat": "",
          "Components": [],
          "SetValues": [],
          "Metadata": [
            {
              "Key": "Color",
              "Value": "#6222cf"
            },
            {
              "Key": "Hotkey",
              "Value": "c"
            }
          ],
          "RuleSet": null,
          "DefaultValue": "",
          "DataSource": null
        },
        {
          "FieldId": "WorkerCompensationRenewal.NoCategory.Zeinth.IssueingCompany",
          "FieldName": "Issueing Company",
          "IsMultiValue": false,
          "Type": "Text",
          "DeriveFieldsFormat": "",
          "Components": [],
          "SetValues": [],
          "Metadata": [
            {
              "Key": "Color",
              "Value": "#ddb58b"
            },
            {
              "Key": "Hotkey",
              "Value": "g"
            }
          ],
          "RuleSet": null,
          "DefaultValue": "",
          "DataSource": null
        },
        {
          "FieldId": "WorkerCompensationRenewal.NoCategory.Zeinth.PolicyType",
          "FieldName": "Policy Type",
          "IsMultiValue": false,
          "Type": "Text",
          "DeriveFieldsFormat": "",
          "Components": [],
          "SetValues": [],
          "Metadata": [
            {
              "Key": "Color",
              "Value": "#d115c0"
            },
            {
              "Key": "Hotkey",
              "Value": "y"
            }
          ],
          "RuleSet": null,
          "DefaultValue": "",
          "DataSource": null
        },
        {
          "FieldId": "WorkerCompensationRenewal.NoCategory.Zeinth.FEIN",
          "FieldName": "FEIN",
          "IsMultiValue": false,
          "Type": "Text",
          "DeriveFieldsFormat": "",
          "Components": [],
          "SetValues": [],
          "Metadata": [
            {
              "Key": "Color",
              "Value": "#8c357a"
            },
            {
              "Key": "Hotkey",
              "Value": "q"
            }
          ],
          "RuleSet": null,
          "DefaultValue": "",
          "DataSource": null
        },
        {
          "FieldId": "WorkerCompensationRenewal.NoCategory.Zeinth.Billing",
          "FieldName": "Billing",
          "IsMultiValue": false,
          "Type": "Text",
          "DeriveFieldsFormat": "",
          "Components": [],
          "SetValues": [],
          "Metadata": [
            {
              "Key": "Color",
              "Value": "#c58477"
            },
            {
              "Key": "Hotkey",
              "Value": "w"
            }
          ],
          "RuleSet": null,
          "DefaultValue": "",
          "DataSource": null
        },
        {
          "FieldId": "WorkerCompensationRenewal.NoCategory.Zeinth.ExpiryDate",
          "FieldName": "Expiry Date",
          "IsMultiValue": false,
          "Type": "Date",
          "DeriveFieldsFormat": "month,day,year",
          "Components": [],
          "SetValues": [],
          "Metadata": [
            {
              "Key": "Color",
              "Value": "#8e2eff"
            },
            {
              "Key": "Hotkey",
              "Value": "x"
            }
          ],
          "RuleSet": null,
          "DefaultValue": "",
          "DataSource": null
        },
        {
          "FieldId": "WorkerCompensationRenewal.NoCategory.Zeinth.PolicyAppliedStates",
          "FieldName": "Policy Applied States",
          "IsMultiValue": true,
          "Type": "Text",
          "DeriveFieldsFormat": "",
          "Components": [],
          "SetValues": [],
          "Metadata": [
            {
              "Key": "Color",
              "Value": "#15e4e5"
            },
            {
              "Key": "Hotkey",
              "Value": "h"
            }
          ],
          "RuleSet": null,
          "DefaultValue": "",
          "DataSource": null
        },
        {
          "FieldId": "WorkerCompensationRenewal.NoCategory.Zeinth.Injurybyaccident",
          "FieldName": "Injury by accident",
          "IsMultiValue": false,
          "Type": "Number",
          "DeriveFieldsFormat": "",
          "Components": [],
          "SetValues": [],
          "Metadata": [
            {
              "Key": "Color",
              "Value": "#da4cab"
            },
            {
              "Key": "Hotkey",
              "Value": "j"
            }
          ],
          "RuleSet": null,
          "DefaultValue": "",
          "DataSource": null
        },
        {
          "FieldId": "WorkerCompensationRenewal.NoCategory.Zeinth.Injurybydiseasepolicylimit",
          "FieldName": "Injury by disease policy limit",
          "IsMultiValue": false,
          "Type": "Number",
          "DeriveFieldsFormat": "",
          "Components": [],
          "SetValues": [],
          "Metadata": [
            {
              "Key": "Color",
              "Value": "#a54442"
            },
            {
              "Key": "Hotkey",
              "Value": "k"
            }
          ],
          "RuleSet": null,
          "DefaultValue": "",
          "DataSource": null
        },
        {
          "FieldId": "WorkerCompensationRenewal.NoCategory.Zeinth.Injurybydiseaseeachemployee",
          "FieldName": "Injury by disease each employee",
          "IsMultiValue": false,
          "Type": "Number",
          "DeriveFieldsFormat": "",
          "Components": [],
          "SetValues": [],
          "Metadata": [
            {
              "Key": "Color",
              "Value": "#7cc091"
            },
            {
              "Key": "Hotkey",
              "Value": "z"
            }
          ],
          "RuleSet": null,
          "DefaultValue": "",
          "DataSource": null
        },
        {
          "FieldId": "WorkerCompensationRenewal.NoCategory.Zeinth.Policyexceptionstates",
          "FieldName": "Policy exception states",
          "IsMultiValue": false,
          "Type": "Text",
          "DeriveFieldsFormat": "",
          "Components": [],
          "SetValues": [],
          "Metadata": [
            {
              "Key": "Color",
              "Value": "#d9a385"
            },
            {
              "Key": "Hotkey",
              "Value": "v"
            }
          ],
          "RuleSet": null,
          "DefaultValue": "",
          "DataSource": null
        },
        {
          "FieldId": "WorkerCompensationRenewal.NoCategory.Zeinth.Policypremium",
          "FieldName": "Policy premium",
          "IsMultiValue": false,
          "Type": "Number",
          "DeriveFieldsFormat": "",
          "Components": [],
          "SetValues": [],
          "Metadata": [
            {
              "Key": "Color",
              "Value": "#dd35ff"
            },
            {
              "Key": "Hotkey",
              "Value": "1"
            }
          ],
          "RuleSet": null,
          "DefaultValue": "",
          "DataSource": null
        },
        {
          "FieldId": "WorkerCompensationRenewal.NoCategory.Zeinth.Effectivedate",
          "FieldName": "Effective date",
          "IsMultiValue": false,
          "Type": "Date",
          "DeriveFieldsFormat": "month,day,year",
          "Components": [],
          "SetValues": [],
          "Metadata": [
            {
              "Key": "Color",
              "Value": "#d982d8"
            },
            {
              "Key": "Hotkey",
              "Value": "2"
            }
          ],
          "RuleSet": null,
          "DefaultValue": "",
          "DataSource": null
        },
        {
          "FieldId": "WorkerCompensationRenewal.NoCategory.Zeinth.partners",
          "FieldName": "Partners",
          "IsMultiValue": true,
          "Type": "Text",
          "DeriveFieldsFormat": "",
          "Components": [],
          "SetValues": [],
          "Metadata": [
            {
              "Key": "Color",
              "Value": "#78cf6b"
            },
            {
              "Key": "Hotkey",
              "Value": "3"
            }
          ],
          "RuleSet": null,
          "DefaultValue": "",
          "DataSource": null
        },
        {
          "FieldId": "WorkerCompensationRenewal.NoCategory.Zeinth.officers",
          "FieldName": "Officers",
          "IsMultiValue": true,
          "Type": "Text",
          "DeriveFieldsFormat": "",
          "Components": [],
          "SetValues": [],
          "Metadata": [
            {
              "Key": "Color",
              "Value": "#f5d942"
            },
            {
              "Key": "Hotkey",
              "Value": "4"
            }
          ],
          "RuleSet": null,
          "DefaultValue": "",
          "DataSource": null
        },
        {
          "FieldId": "WorkerCompensationRenewal.NoCategory.Zeinth.entity",
          "FieldName": "Entity",
          "IsMultiValue": false,
          "Type": "Text",
          "DeriveFieldsFormat": "",
          "Components": [],
          "SetValues": [],
          "Metadata": [
            {
              "Key": "Color",
              "Value": "#32e027"
            },
            {
              "Key": "Hotkey",
              "Value": "5"
            }
          ],
          "RuleSet": null,
          "DefaultValue": "",
          "DataSource": null
        },
        {
          "FieldId": "WorkerCompensationRenewal.NoCategory.Zeinth.renewalextension",
          "FieldName": "Renewal extension",
          "IsMultiValue": false,
          "Type": "Number",
          "DeriveFieldsFormat": "",
          "Components": [],
          "SetValues": [],
          "Metadata": [
            {
              "Key": "Color",
              "Value": "#e06bb5"
            },
            {
              "Key": "Hotkey",
              "Value": "6"
            }
          ],
          "RuleSet": null,
          "DefaultValue": "",
          "DataSource": null
        },
        {
          "FieldId": "WorkerCompensationRenewal.NoCategory.Zeinth.others",
          "FieldName": "Others",
          "IsMultiValue": true,
          "Type": "Text",
          "DeriveFieldsFormat": "",
          "Components": [],
          "SetValues": [],
          "Metadata": [
            {
              "Key": "Color",
              "Value": "#c550fa"
            },
            {
              "Key": "Hotkey",
              "Value": "7"
            }
          ],
          "RuleSet": null,
          "DefaultValue": "",
          "DataSource": null
        },
        {
          "FieldId": "WorkerCompensationRenewal.NoCategory.Zeinth.otherworkplaces",
          "FieldName": "Other workplaces",
          "IsMultiValue": true,
          "Type": "Text",
          "DeriveFieldsFormat": "",
          "Components": [],
          "SetValues": [],
          "Metadata": [
            {
              "Key": "Color",
              "Value": "#fbca27"
            },
            {
              "Key": "Hotkey",
              "Value": "8"
            }
          ],
          "RuleSet": null,
          "DefaultValue": "",
          "DataSource": null
        },
        {
          "FieldId": "WorkerCompensationRenewal.NoCategory.Zeinth.exclusion",
          "FieldName": "Exclusion",
          "IsMultiValue": false,
          "Type": "Text",
          "DeriveFieldsFormat": "",
          "Components": [],
          "SetValues": [],
          "Metadata": [
            {
              "Key": "Color",
              "Value": "#a48dbe"
            },
            {
              "Key": "Hotkey",
              "Value": "9"
            }
          ],
          "RuleSet": null,
          "DefaultValue": "",
          "DataSource": null
        },
        {
          "FieldId": "WorkerCompensationRenewal.NoCategory.Zeinth.Siccode",
          "FieldName": "Sic code",
          "IsMultiValue": false,
          "Type": "Text",
          "DeriveFieldsFormat": "",
          "Components": [],
          "SetValues": [],
          "Metadata": [
            {
              "Key": "Color",
              "Value": "#b17450"
            },
            {
              "Key": "Hotkey",
              "Value": "@"
            }
          ],
          "RuleSet": null,
          "DefaultValue": "",
          "DataSource": null
        },
        {
          "FieldId": "WorkerCompensationRenewal.NoCategory.Zeinth.Naics",
          "FieldName": "Naics",
          "IsMultiValue": false,
          "Type": "Number",
          "DeriveFieldsFormat": "",
          "Components": [],
          "SetValues": [],
          "Metadata": [
            {
              "Key": "Color",
              "Value": "#815de3"
            },
            {
              "Key": "Hotkey",
              "Value": "#"
            }
          ],
          "RuleSet": null,
          "DefaultValue": "",
          "DataSource": null
        },
        {
          "FieldId": "WorkerCompensationRenewal.NoCategory.Zeinth.EndoresementTable",
          "FieldName": "Additional Data Table",
          "IsMultiValue": false,
          "Type": "Table",
          "DeriveFieldsFormat": "",
          "Components": [
            {
              "FieldId": "WorkerCompensationRenewal.NoCategory.Zeinth.EndoresementTable.FormNumber",
              "FieldName": "Form Number",
              "IsMultiValue": false,
              "Type": "Text",
              "DeriveFieldsFormat": "",
              "Components": [],
              "SetValues": [],
              "Metadata": [],
              "RuleSet": null,
              "DefaultValue": "",
              "DataSource": null
            },
            {
              "FieldId": "WorkerCompensationRenewal.NoCategory.Zeinth.EndoresementTable.EndorsementName",
              "FieldName": "Endorsement Name",
              "IsMultiValue": false,
              "Type": "Text",
              "DeriveFieldsFormat": "",
              "Components": [],
              "SetValues": [],
              "Metadata": [],
              "RuleSet": null,
              "DefaultValue": "",
              "DataSource": null
            },
            {
              "FieldId": "WorkerCompensationRenewal.NoCategory.Zeinth.EndoresementTable.Class",
              "FieldName": "Class",
              "IsMultiValue": false,
              "Type": "Text",
              "DeriveFieldsFormat": "",
              "Components": [],
              "SetValues": [],
              "Metadata": [],
              "RuleSet": null,
              "DefaultValue": "",
              "DataSource": null
            },
            {
              "FieldId": "WorkerCompensationRenewal.NoCategory.Zeinth.EndoresementTable.Description",
              "FieldName": "Description",
              "IsMultiValue": false,
              "Type": "Text",
              "DeriveFieldsFormat": "",
              "Components": [],
              "SetValues": [],
              "Metadata": [],
              "RuleSet": null,
              "DefaultValue": "",
              "DataSource": null
            },
            {
              "FieldId": "WorkerCompensationRenewal.NoCategory.Zeinth.EndoresementTable.Annualremuneration",
              "FieldName": "Annual remuneration",
              "IsMultiValue": false,
              "Type": "Number",
              "DeriveFieldsFormat": "",
              "Components": [],
              "SetValues": [],
              "Metadata": [],
              "RuleSet": null,
              "DefaultValue": "",
              "DataSource": null
            },
            {
              "FieldId": "WorkerCompensationRenewal.NoCategory.Zeinth.EndoresementTable.Rateper100ofremuneration",
              "FieldName": "Rate per 100 of remuneration",
              "IsMultiValue": false,
              "Type": "Number",
              "DeriveFieldsFormat": "",
              "Components": [],
              "SetValues": [],
              "Metadata": [],
              "RuleSet": null,
              "DefaultValue": "",
              "DataSource": null
            },
            {
              "FieldId": "WorkerCompensationRenewal.NoCategory.Zeinth.EndoresementTable.Estimatedannualpremium",
              "FieldName": "Estimated annual premium",
              "IsMultiValue": false,
              "Type": "Number",
              "DeriveFieldsFormat": "",
              "Components": [],
              "SetValues": [],
              "Metadata": [],
              "RuleSet": null,
              "DefaultValue": "",
              "DataSource": null
            },
            {
              "FieldId": "WorkerCompensationRenewal.NoCategory.Zeinth.EndoresementTable.Premiumadjustments",
              "FieldName": "Premium adjustments",
              "IsMultiValue": false,
              "Type": "Text",
              "DeriveFieldsFormat": "",
              "Components": [],
              "SetValues": [],
              "Metadata": [],
              "RuleSet": null,
              "DefaultValue": "",
              "DataSource": null
            },
            {
              "FieldId": "WorkerCompensationRenewal.NoCategory.Zeinth.EndoresementTable.LimitsAmounts",
              "FieldName": "Limits/Amounts",
              "IsMultiValue": false,
              "Type": "Text",
              "DeriveFieldsFormat": "",
              "Components": [],
              "SetValues": [],
              "Metadata": [],
              "RuleSet": null,
              "DefaultValue": "",
              "DataSource": null
            },
            {
              "FieldId": "WorkerCompensationRenewal.NoCategory.Zeinth.EndoresementTable.Premium",
              "FieldName": "Premium",
              "IsMultiValue": false,
              "Type": "Number",
              "DeriveFieldsFormat": "",
              "Components": [],
              "SetValues": [],
              "Metadata": [],
              "RuleSet": null,
              "DefaultValue": "",
              "DataSource": null
            },
            {
              "FieldId": "WorkerCompensationRenewal.NoCategory.Zeinth.EndoresementTable.NamedInsured",
              "FieldName": "Named Insured",
              "IsMultiValue": false,
              "Type": "Name",
              "DeriveFieldsFormat": "",
              "Components": [],
              "SetValues": [],
              "Metadata": [],
              "RuleSet": null,
              "DefaultValue": "",
              "DataSource": null
            },
            {
              "FieldId": "WorkerCompensationRenewal.NoCategory.Zeinth.EndoresementTable.Fein",
              "FieldName": "Fein",
              "IsMultiValue": false,
              "Type": "Number",
              "DeriveFieldsFormat": "",
              "Components": [],
              "SetValues": [],
              "Metadata": [],
              "RuleSet": null,
              "DefaultValue": "",
              "DataSource": null
            },
            {
              "FieldId": "WorkerCompensationRenewal.NoCategory.Zeinth.EndoresementTable.entitytype",
              "FieldName": "Entity type",
              "IsMultiValue": false,
              "Type": "Text",
              "DeriveFieldsFormat": "",
              "Components": [],
              "SetValues": [],
              "Metadata": [],
              "RuleSet": null,
              "DefaultValue": "",
              "DataSource": null
            },
            {
              "FieldId": "WorkerCompensationRenewal.NoCategory.Zeinth.EndoresementTable.streetaddress",
              "FieldName": "Street address",
              "IsMultiValue": false,
              "Type": "Address",
              "DeriveFieldsFormat": "",
              "Components": [],
              "SetValues": [],
              "Metadata": [],
              "RuleSet": null,
              "DefaultValue": "",
              "DataSource": null
            }
          ],
          "SetValues": [],
          "Metadata": [
            {
              "Key": "Color",
              "Value": "#8775ea"
            },
            {
              "Key": "Hotkey",
              "Value": "$"
            }
          ],
          "RuleSet": null,
          "DefaultValue": "",
          "DataSource": null
        }
      ]
    },
    {
      "Connections": [],
      "DocumentTypeId": "WorkerCompensationRenewal.NoCategory.Amtrust",
      "Group": "WorkerCompensationRenewal",
      "Category": "",
      "Name": "Amtrust",
      "OptionalUniqueIdentifier": "",
      "TypeField": {
        "FieldId": "WorkerCompensationRenewal.NoCategory.Amtrust.DocumentType",
        "FieldName": "Document Type"
      },
      "Fields": []
    },
    {
      "Connections": [],
      "DocumentTypeId": "WorkerCompensationRenewal.NoCategory.Travellors",
      "Group": "WorkerCompensationRenewal",
      "Category": "",
      "Name": "Travellors",
      "OptionalUniqueIdentifier": "",
      "TypeField": {
        "FieldId": "WorkerCompensationRenewal.NoCategory.Travellors.DocumentType",
        "FieldName": "Document Type"
      },
      "Fields": [
        {
          "FieldId": "WorkerCompensationRenewal.NoCategory.Travellors.PolicyNumber",
          "FieldName": "Policy Number",
          "IsMultiValue": false,
          "Type": "Text",
          "DeriveFieldsFormat": "",
          "Components": [],
          "SetValues": [],
          "Metadata": [
            {
              "Key": "Color",
              "Value": "#038a18"
            },
            {
              "Key": "Hotkey",
              "Value": "l"
            }
          ],
          "RuleSet": null,
          "DefaultValue": "",
          "DataSource": null
        },
        {
          "FieldId": "WorkerCompensationRenewal.NoCategory.Travellors.PriorPolicyNumber",
          "FieldName": "Prior Policy Number",
          "IsMultiValue": false,
          "Type": "Text",
          "DeriveFieldsFormat": "",
          "Components": [],
          "SetValues": [],
          "Metadata": [
            {
              "Key": "Color",
              "Value": "#fa6616"
            },
            {
              "Key": "Hotkey",
              "Value": "r"
            }
          ],
          "RuleSet": null,
          "DefaultValue": "",
          "DataSource": null
        },
        {
          "FieldId": "WorkerCompensationRenewal.NoCategory.Travellors.InsuredName",
          "FieldName": "Insured Name",
          "IsMultiValue": false,
          "Type": "Text",
          "DeriveFieldsFormat": "",
          "Components": [],
          "SetValues": [],
          "Metadata": [
            {
              "Key": "Color",
              "Value": "#8a97a0"
            },
            {
              "Key": "Hotkey",
              "Value": "e"
            }
          ],
          "RuleSet": null,
          "DefaultValue": "",
          "DataSource": null
        },
        {
          "FieldId": "WorkerCompensationRenewal.NoCategory.Travellors.DBAName",
          "FieldName": "DBA Name",
          "IsMultiValue": false,
          "Type": "Text",
          "DeriveFieldsFormat": "",
          "Components": [],
          "SetValues": [],
          "Metadata": [
            {
              "Key": "Color",
              "Value": "#6eb84a"
            },
            {
              "Key": "Hotkey",
              "Value": "a"
            }
          ],
          "RuleSet": null,
          "DefaultValue": "",
          "DataSource": null
        },
        {
          "FieldId": "WorkerCompensationRenewal.NoCategory.Travellors.MailingAddress",
          "FieldName": "Mailing Address",
          "IsMultiValue": false,
          "Type": "Address",
          "DeriveFieldsFormat": "",
          "Components": [],
          "SetValues": [],
          "Metadata": [
            {
              "Key": "Color",
              "Value": "#b8c282"
            },
            {
              "Key": "Hotkey",
              "Value": "m"
            }
          ],
          "RuleSet": null,
          "DefaultValue": "",
          "DataSource": null
        },
        {
          "FieldId": "WorkerCompensationRenewal.NoCategory.Travellors.CommercialLocation",
          "FieldName": "Commercial Location",
          "IsMultiValue": false,
          "Type": "Address",
          "DeriveFieldsFormat": "",
          "Components": [],
          "SetValues": [],
          "Metadata": [
            {
              "Key": "Color",
              "Value": "#b590d5"
            },
            {
              "Key": "Hotkey",
              "Value": "c"
            }
          ],
          "RuleSet": null,
          "DefaultValue": "",
          "DataSource": null
        },
        {
          "FieldId": "WorkerCompensationRenewal.NoCategory.Travellors.IssueingCompany",
          "FieldName": "Issueing Company",
          "IsMultiValue": false,
          "Type": "Text",
          "DeriveFieldsFormat": "",
          "Components": [],
          "SetValues": [],
          "Metadata": [
            {
              "Key": "Color",
              "Value": "#bebd22"
            },
            {
              "Key": "Hotkey",
              "Value": "g"
            }
          ],
          "RuleSet": null,
          "DefaultValue": "",
          "DataSource": null
        },
        {
          "FieldId": "WorkerCompensationRenewal.NoCategory.Travellors.PolicyType",
          "FieldName": "PolicyType",
          "IsMultiValue": false,
          "Type": "Text",
          "DeriveFieldsFormat": "",
          "Components": [],
          "SetValues": [],
          "Metadata": [
            {
              "Key": "Color",
              "Value": "#7044f6"
            },
            {
              "Key": "Hotkey",
              "Value": "y"
            }
          ],
          "RuleSet": null,
          "DefaultValue": "",
          "DataSource": null
        },
        {
          "FieldId": "WorkerCompensationRenewal.NoCategory.Travellors.FEIN",
          "FieldName": "FEIN",
          "IsMultiValue": false,
          "Type": "Number",
          "DeriveFieldsFormat": "",
          "Components": [],
          "SetValues": [],
          "Metadata": [
            {
              "Key": "Color",
              "Value": "#90c1c0"
            },
            {
              "Key": "Hotkey",
              "Value": "q"
            }
          ],
          "RuleSet": null,
          "DefaultValue": "",
          "DataSource": null
        },
        {
          "FieldId": "WorkerCompensationRenewal.NoCategory.Travellors.ExpiryDate",
          "FieldName": "Expiry Date",
          "IsMultiValue": false,
          "Type": "Date",
          "DeriveFieldsFormat": "",
          "Components": [],
          "SetValues": [],
          "Metadata": [
            {
              "Key": "Color",
              "Value": "#94004e"
            },
            {
              "Key": "Hotkey",
              "Value": "x"
            }
          ],
          "RuleSet": null,
          "DefaultValue": "",
          "DataSource": null
        },
        {
          "FieldId": "WorkerCompensationRenewal.NoCategory.Travellors.PolicyAppliedStates",
          "FieldName": "Policy Applied States",
          "IsMultiValue": true,
          "Type": "Text",
          "DeriveFieldsFormat": "",
          "Components": [],
          "SetValues": [],
          "Metadata": [
            {
              "Key": "Color",
              "Value": "#a4936b"
            },
            {
              "Key": "Hotkey",
              "Value": "w"
            }
          ],
          "RuleSet": null,
          "DefaultValue": "",
          "DataSource": null
        },
        {
          "FieldId": "WorkerCompensationRenewal.NoCategory.Travellors.InjurybyAccident",
          "FieldName": "Injury by accident",
          "IsMultiValue": false,
          "Type": "Number",
          "DeriveFieldsFormat": "",
          "Components": [],
          "SetValues": [],
          "Metadata": [
            {
              "Key": "Color",
              "Value": "#dbaa38"
            },
            {
              "Key": "Hotkey",
              "Value": "j"
            }
          ],
          "RuleSet": null,
          "DefaultValue": "",
          "DataSource": null
        },
        {
          "FieldId": "WorkerCompensationRenewal.NoCategory.Travellors.InjurybyDiseasePolicyLimit",
          "FieldName": "Injury by disease policy limit",
          "IsMultiValue": false,
          "Type": "Number",
          "DeriveFieldsFormat": "",
          "Components": [],
          "SetValues": [],
          "Metadata": [
            {
              "Key": "Color",
              "Value": "#e1c885"
            },
            {
              "Key": "Hotkey",
              "Value": "h"
            }
          ],
          "RuleSet": null,
          "DefaultValue": "",
          "DataSource": null
        },
        {
          "FieldId": "WorkerCompensationRenewal.NoCategory.Travellors.InjurybyDiseaseEachEmployee",
          "FieldName": "Injury by disease each employee",
          "IsMultiValue": false,
          "Type": "Number",
          "DeriveFieldsFormat": "",
          "Components": [],
          "SetValues": [],
          "Metadata": [
            {
              "Key": "Color",
              "Value": "#f25065"
            },
            {
              "Key": "Hotkey",
              "Value": "k"
            }
          ],
          "RuleSet": null,
          "DefaultValue": "",
          "DataSource": null
        },
        {
          "FieldId": "WorkerCompensationRenewal.NoCategory.Travellors.PolicyExceptionStates",
          "FieldName": "Policy exception states",
          "IsMultiValue": false,
          "Type": "Text",
          "DeriveFieldsFormat": "",
          "Components": [],
          "SetValues": [],
          "Metadata": [
            {
              "Key": "Color",
              "Value": "#5f35ba"
            },
            {
              "Key": "Hotkey",
              "Value": "z"
            }
          ],
          "RuleSet": null,
          "DefaultValue": "",
          "DataSource": null
        },
        {
          "FieldId": "WorkerCompensationRenewal.NoCategory.Travellors.PolicyPremium",
          "FieldName": "Policy premium",
          "IsMultiValue": false,
          "Type": "Number",
          "DeriveFieldsFormat": "",
          "Components": [],
          "SetValues": [],
          "Metadata": [
            {
              "Key": "Color",
              "Value": "#93c0da"
            },
            {
              "Key": "Hotkey",
              "Value": "v"
            }
          ],
          "RuleSet": null,
          "DefaultValue": "",
          "DataSource": null
        },
        {
          "FieldId": "WorkerCompensationRenewal.NoCategory.Travellors.EffectiveDate",
          "FieldName": "Effective date",
          "IsMultiValue": false,
          "Type": "Date",
          "DeriveFieldsFormat": "",
          "Components": [],
          "SetValues": [],
          "Metadata": [
            {
              "Key": "Color",
              "Value": "#6fab9c"
            },
            {
              "Key": "Hotkey",
              "Value": "1"
            }
          ],
          "RuleSet": null,
          "DefaultValue": "",
          "DataSource": null
        },
        {
          "FieldId": "WorkerCompensationRenewal.NoCategory.Travellors.Partners",
          "FieldName": "Partners",
          "IsMultiValue": true,
          "Type": "Text",
          "DeriveFieldsFormat": "",
          "Components": [],
          "SetValues": [],
          "Metadata": [
            {
              "Key": "Color",
              "Value": "#e04027"
            },
            {
              "Key": "Hotkey",
              "Value": "2"
            }
          ],
          "RuleSet": null,
          "DefaultValue": "",
          "DataSource": null
        },
        {
          "FieldId": "WorkerCompensationRenewal.NoCategory.Travellors.officers",
          "FieldName": "Officers",
          "IsMultiValue": true,
          "Type": "Text",
          "DeriveFieldsFormat": "",
          "Components": [],
          "SetValues": [],
          "Metadata": [
            {
              "Key": "Color",
              "Value": "#be9dca"
            },
            {
              "Key": "Hotkey",
              "Value": "3"
            }
          ],
          "RuleSet": null,
          "DefaultValue": "",
          "DataSource": null
        },
        {
          "FieldId": "WorkerCompensationRenewal.NoCategory.Travellors.Entity",
          "FieldName": "Entity",
          "IsMultiValue": false,
          "Type": "Text",
          "DeriveFieldsFormat": "",
          "Components": [],
          "SetValues": [],
          "Metadata": [
            {
              "Key": "Color",
              "Value": "#60c7f9"
            },
            {
              "Key": "Hotkey",
              "Value": "4"
            }
          ],
          "RuleSet": null,
          "DefaultValue": "",
          "DataSource": null
        },
        {
          "FieldId": "WorkerCompensationRenewal.NoCategory.Travellors.RenewalExtension",
          "FieldName": "Renewal extension",
          "IsMultiValue": false,
          "Type": "Number",
          "DeriveFieldsFormat": "",
          "Components": [],
          "SetValues": [],
          "Metadata": [
            {
              "Key": "Color",
              "Value": "#2278f2"
            },
            {
              "Key": "Hotkey",
              "Value": "5"
            }
          ],
          "RuleSet": null,
          "DefaultValue": "",
          "DataSource": null
        },
        {
          "FieldId": "WorkerCompensationRenewal.NoCategory.Travellors.Others",
          "FieldName": "Others",
          "IsMultiValue": true,
          "Type": "Text",
          "DeriveFieldsFormat": "",
          "Components": [],
          "SetValues": [],
          "Metadata": [
            {
              "Key": "Color",
              "Value": "#caad42"
            },
            {
              "Key": "Hotkey",
              "Value": "6"
            }
          ],
          "RuleSet": null,
          "DefaultValue": "",
          "DataSource": null
        },
        {
          "FieldId": "WorkerCompensationRenewal.NoCategory.Travellors.OtherWorkplaces",
          "FieldName": "Other workplaces",
          "IsMultiValue": true,
          "Type": "Address",
          "DeriveFieldsFormat": "",
          "Components": [],
          "SetValues": [],
          "Metadata": [
            {
              "Key": "Color",
              "Value": "#d150fa"
            },
            {
              "Key": "Hotkey",
              "Value": "7"
            }
          ],
          "RuleSet": null,
          "DefaultValue": "",
          "DataSource": null
        },
        {
          "FieldId": "WorkerCompensationRenewal.NoCategory.Travellors.Exclusion",
          "FieldName": "Exclusion",
          "IsMultiValue": false,
          "Type": "Text",
          "DeriveFieldsFormat": "",
          "Components": [],
          "SetValues": [],
          "Metadata": [
            {
              "Key": "Color",
              "Value": "#b486c3"
            },
            {
              "Key": "Hotkey",
              "Value": "8"
            }
          ],
          "RuleSet": null,
          "DefaultValue": "",
          "DataSource": null
        },
        {
          "FieldId": "WorkerCompensationRenewal.NoCategory.Travellors.SicCode",
          "FieldName": "Sic code",
          "IsMultiValue": false,
          "Type": "Number",
          "DeriveFieldsFormat": "",
          "Components": [],
          "SetValues": [],
          "Metadata": [
            {
              "Key": "Color",
              "Value": "#eb2eff"
            },
            {
              "Key": "Hotkey",
              "Value": "9"
            }
          ],
          "RuleSet": null,
          "DefaultValue": "",
          "DataSource": null
        },
        {
          "FieldId": "WorkerCompensationRenewal.NoCategory.Travellors.Naics",
          "FieldName": "Naics",
          "IsMultiValue": false,
          "Type": "Number",
          "DeriveFieldsFormat": "",
          "Components": [],
          "SetValues": [],
          "Metadata": [
            {
              "Key": "Color",
              "Value": "#87bacf"
            },
            {
              "Key": "Hotkey",
              "Value": "@"
            }
          ],
          "RuleSet": null,
          "DefaultValue": "",
          "DataSource": null
        },
        {
          "FieldId": "WorkerCompensationRenewal.NoCategory.Travellors.BusinessofNamedInsured",
          "FieldName": "Business of Named Insured",
          "IsMultiValue": false,
          "Type": "Text",
          "DeriveFieldsFormat": "",
          "Components": [],
          "SetValues": [],
          "Metadata": [
            {
              "Key": "Color",
              "Value": "#ab4454"
            },
            {
              "Key": "Hotkey",
              "Value": "#"
            }
          ],
          "RuleSet": null,
          "DefaultValue": "",
          "DataSource": null
        },
        {
          "FieldId": "WorkerCompensationRenewal.NoCategory.Travellors.AdditionalDataTable",
          "FieldName": "Additional Data Table",
          "IsMultiValue": false,
          "Type": "Table",
          "DeriveFieldsFormat": "",
          "Components": [
            {
              "FieldId": "WorkerCompensationRenewal.NoCategory.Travellors.AdditionalDataTable.EndFormNumber",
              "FieldName": "Form Number",
              "IsMultiValue": false,
              "Type": "Text",
              "DeriveFieldsFormat": "",
              "Components": [],
              "SetValues": [],
              "Metadata": [],
              "RuleSet": null,
              "DefaultValue": "",
              "DataSource": null
            },
            {
              "FieldId": "WorkerCompensationRenewal.NoCategory.Travellors.AdditionalDataTable.EndorsementName",
              "FieldName": "Endorsement Name",
              "IsMultiValue": false,
              "Type": "Text",
              "DeriveFieldsFormat": "",
              "Components": [],
              "SetValues": [],
              "Metadata": [],
              "RuleSet": null,
              "DefaultValue": "",
              "DataSource": null
            },
            {
              "FieldId": "WorkerCompensationRenewal.NoCategory.Travellors.AdditionalDataTable.Class",
              "FieldName": "Class",
              "IsMultiValue": false,
              "Type": "Number",
              "DeriveFieldsFormat": "",
              "Components": [],
              "SetValues": [],
              "Metadata": [],
              "RuleSet": null,
              "DefaultValue": "",
              "DataSource": null
            },
            {
              "FieldId": "WorkerCompensationRenewal.NoCategory.Travellors.AdditionalDataTable.Description",
              "FieldName": "Description",
              "IsMultiValue": false,
              "Type": "Text",
              "DeriveFieldsFormat": "",
              "Components": [],
              "SetValues": [],
              "Metadata": [],
              "RuleSet": null,
              "DefaultValue": "",
              "DataSource": null
            },
            {
              "FieldId": "WorkerCompensationRenewal.NoCategory.Travellors.AdditionalDataTable.Annualremuneration",
              "FieldName": "Annual remuneration",
              "IsMultiValue": false,
              "Type": "Number",
              "DeriveFieldsFormat": "",
              "Components": [],
              "SetValues": [],
              "Metadata": [],
              "RuleSet": null,
              "DefaultValue": "",
              "DataSource": null
            },
            {
              "FieldId": "WorkerCompensationRenewal.NoCategory.Travellors.AdditionalDataTable.Rateper100ofremuneration",
              "FieldName": "Rate per 100 of remuneration",
              "IsMultiValue": false,
              "Type": "Number",
              "DeriveFieldsFormat": "",
              "Components": [],
              "SetValues": [],
              "Metadata": [],
              "RuleSet": null,
              "DefaultValue": "",
              "DataSource": null
            },
            {
              "FieldId": "WorkerCompensationRenewal.NoCategory.Travellors.AdditionalDataTable.PremiumName",
              "FieldName": "Premium Name",
              "IsMultiValue": false,
              "Type": "Text",
              "DeriveFieldsFormat": "",
              "Components": [],
              "SetValues": [],
              "Metadata": [],
              "RuleSet": null,
              "DefaultValue": "",
              "DataSource": null
            },
            {
              "FieldId": "WorkerCompensationRenewal.NoCategory.Travellors.AdditionalDataTable.PremiumValue",
              "FieldName": "Premium Value",
              "IsMultiValue": false,
              "Type": "Number",
              "DeriveFieldsFormat": "",
              "Components": [],
              "SetValues": [],
              "Metadata": [],
              "RuleSet": null,
              "DefaultValue": "",
              "DataSource": null
            },
            {
              "FieldId": "WorkerCompensationRenewal.NoCategory.Travellors.AdditionalDataTable.LocationClassificationName",
              "FieldName": "Location Classification Name",
              "IsMultiValue": false,
              "Type": "Text",
              "DeriveFieldsFormat": "",
              "Components": [],
              "SetValues": [],
              "Metadata": [],
              "RuleSet": null,
              "DefaultValue": "",
              "DataSource": null
            },
            {
              "FieldId": "WorkerCompensationRenewal.NoCategory.Travellors.AdditionalDataTable.LocFEIN",
              "FieldName": "Fein",
              "IsMultiValue": false,
              "Type": "Number",
              "DeriveFieldsFormat": "",
              "Components": [],
              "SetValues": [],
              "Metadata": [],
              "RuleSet": null,
              "DefaultValue": "",
              "DataSource": null
            },
            {
              "FieldId": "WorkerCompensationRenewal.NoCategory.Travellors.AdditionalDataTable.LocEntityType",
              "FieldName": "Entity type",
              "IsMultiValue": false,
              "Type": "Text",
              "DeriveFieldsFormat": "",
              "Components": [],
              "SetValues": [],
              "Metadata": [],
              "RuleSet": null,
              "DefaultValue": "",
              "DataSource": null
            },
            {
              "FieldId": "WorkerCompensationRenewal.NoCategory.Travellors.AdditionalDataTable.LocStreetAddress",
              "FieldName": "Street address",
              "IsMultiValue": false,
              "Type": "Address",
              "DeriveFieldsFormat": "",
              "Components": [],
              "SetValues": [],
              "Metadata": [],
              "RuleSet": null,
              "DefaultValue": "",
              "DataSource": null
            },
            {
              "FieldId": "WorkerCompensationRenewal.NoCategory.Travellors.AdditionalDataTable.DayNoticeName",
              "FieldName": "Day Notice Name",
              "IsMultiValue": false,
              "Type": "Text",
              "DeriveFieldsFormat": "",
              "Components": [],
              "SetValues": [],
              "Metadata": [],
              "RuleSet": null,
              "DefaultValue": "",
              "DataSource": null
            },
            {
              "FieldId": "WorkerCompensationRenewal.NoCategory.Travellors.AdditionalDataTable.DayofNoticeAdd",
              "FieldName": "Day of Notice Add",
              "IsMultiValue": false,
              "Type": "Text",
              "DeriveFieldsFormat": "",
              "Components": [],
              "SetValues": [],
              "Metadata": [],
              "RuleSet": null,
              "DefaultValue": "",
              "DataSource": null
            },
            {
              "FieldId": "WorkerCompensationRenewal.NoCategory.Travellors.AdditionalDataTable.DayofNotice",
              "FieldName": "Day of Notice",
              "IsMultiValue": false,
              "Type": "Text",
              "DeriveFieldsFormat": "",
              "Components": [],
              "SetValues": [],
              "Metadata": [],
              "RuleSet": null,
              "DefaultValue": "",
              "DataSource": null
            },
            {
              "FieldId": "WorkerCompensationRenewal.NoCategory.Travellors.AdditionalDataTable.Estimatedannualpremium",
              "FieldName": "Estimated annual premium",
              "IsMultiValue": false,
              "Type": "Number",
              "DeriveFieldsFormat": "",
              "Components": [],
              "SetValues": [],
              "Metadata": [],
              "RuleSet": null,
              "DefaultValue": "",
              "DataSource": null
            }
          ],
          "SetValues": [],
          "Metadata": [
            {
              "Key": "Color",
              "Value": "#ca2be5"
            },
            {
              "Key": "Hotkey",
              "Value": "$"
            }
          ],
          "RuleSet": null,
          "DefaultValue": "",
          "DataSource": null
        },
        {
          "FieldId": "WorkerCompensationRenewal.NoCategory.Travellors.Billing",
          "FieldName": "Billing",
          "IsMultiValue": false,
          "Type": "Text",
          "DeriveFieldsFormat": "",
          "Components": [],
          "SetValues": [],
          "Metadata": [
            {
              "Key": "Color",
              "Value": "#a3dc5c"
            },
            {
              "Key": "Hotkey",
              "Value": "%"
            }
          ],
          "RuleSet": null,
          "DefaultValue": "",
          "DataSource": null
        },
        {
          "FieldId": "WorkerCompensationRenewal.NoCategory.Travellors.InclusionStates",
          "FieldName": "Inclusion States",
          "IsMultiValue": false,
          "Type": "Text",
          "DeriveFieldsFormat": "",
          "Components": [],
          "SetValues": [],
          "Metadata": [
            {
              "Key": "Color",
              "Value": "#d146de"
            },
            {
              "Key": "Hotkey",
              "Value": "^"
            }
          ],
          "RuleSet": null,
          "DefaultValue": "",
          "DataSource": null
        }
      ]
    },
    {
      "Connections": [],
      "DocumentTypeId": "WorkerCompensationRenewal.NoCategory.Hartford",
      "Group": "WorkerCompensationRenewal",
      "Category": "",
      "Name": "Hartford",
      "OptionalUniqueIdentifier": "",
      "TypeField": {
        "FieldId": "WorkerCompensationRenewal.NoCategory.Hartford.DocumentType",
        "FieldName": "Document Type"
      },
      "Fields": [
        {
          "FieldId": "WorkerCompensationRenewal.NoCategory.Hartford.PolicyNumber",
          "FieldName": "Policy Number",
          "IsMultiValue": false,
          "Type": "Text",
          "DeriveFieldsFormat": "",
          "Components": [],
          "SetValues": [],
          "Metadata": [
            {
              "Key": "Color",
              "Value": "#038a18"
            },
            {
              "Key": "Hotkey",
              "Value": "l"
            }
          ],
          "RuleSet": null,
          "DefaultValue": "",
          "DataSource": null
        },
        {
          "FieldId": "WorkerCompensationRenewal.NoCategory.Hartford.PriorPolicyNumber",
          "FieldName": "Prior Policy Number",
          "IsMultiValue": false,
          "Type": "Text",
          "DeriveFieldsFormat": "",
          "Components": [],
          "SetValues": [],
          "Metadata": [
            {
              "Key": "Color",
              "Value": "#fa6616"
            },
            {
              "Key": "Hotkey",
              "Value": "r"
            }
          ],
          "RuleSet": null,
          "DefaultValue": "",
          "DataSource": null
        },
        {
          "FieldId": "WorkerCompensationRenewal.NoCategory.Hartford.InsuredName",
          "FieldName": "Insured Name",
          "IsMultiValue": false,
          "Type": "Name",
          "DeriveFieldsFormat": "",
          "Components": [],
          "SetValues": [],
          "Metadata": [
            {
              "Key": "Color",
              "Value": "#8a97a0"
            },
            {
              "Key": "Hotkey",
              "Value": "e"
            }
          ],
          "RuleSet": null,
          "DefaultValue": "",
          "DataSource": null
        },
        {
          "FieldId": "WorkerCompensationRenewal.NoCategory.Hartford.DBAName",
          "FieldName": "DBA Name",
          "IsMultiValue": false,
          "Type": "Name",
          "DeriveFieldsFormat": "",
          "Components": [],
          "SetValues": [],
          "Metadata": [
            {
              "Key": "Color",
              "Value": "#6eb84a"
            },
            {
              "Key": "Hotkey",
              "Value": "a"
            }
          ],
          "RuleSet": null,
          "DefaultValue": "",
          "DataSource": null
        },
        {
          "FieldId": "WorkerCompensationRenewal.NoCategory.Hartford.MailingAddress",
          "FieldName": "Mailing Address",
          "IsMultiValue": false,
          "Type": "Address",
          "DeriveFieldsFormat": "",
          "Components": [],
          "SetValues": [],
          "Metadata": [
            {
              "Key": "Color",
              "Value": "#89c8cd"
            },
            {
              "Key": "Hotkey",
              "Value": "m"
            }
          ],
          "RuleSet": null,
          "DefaultValue": "",
          "DataSource": null
        },
        {
          "FieldId": "WorkerCompensationRenewal.NoCategory.Hartford.CommercialLocation",
          "FieldName": "Commercial Location",
          "IsMultiValue": false,
          "Type": "Address",
          "DeriveFieldsFormat": "",
          "Components": [],
          "SetValues": [],
          "Metadata": [
            {
              "Key": "Color",
              "Value": "#152bd1"
            },
            {
              "Key": "Hotkey",
              "Value": "c"
            }
          ],
          "RuleSet": null,
          "DefaultValue": "",
          "DataSource": null
        },
        {
          "FieldId": "WorkerCompensationRenewal.NoCategory.Hartford.Policytype",
          "FieldName": "Policy Type",
          "IsMultiValue": false,
          "Type": "Text",
          "DeriveFieldsFormat": "",
          "Components": [],
          "SetValues": [],
          "Metadata": [
            {
              "Key": "Color",
              "Value": "#44dcd5"
            },
            {
              "Key": "Hotkey",
              "Value": "y"
            }
          ],
          "RuleSet": null,
          "DefaultValue": "",
          "DataSource": null
        },
        {
          "FieldId": "WorkerCompensationRenewal.NoCategory.Hartford.FEIN",
          "FieldName": "FEIN",
          "IsMultiValue": false,
          "Type": "Number",
          "DeriveFieldsFormat": "",
          "Components": [],
          "SetValues": [],
          "Metadata": [
            {
              "Key": "Color",
              "Value": "#0015ff"
            },
            {
              "Key": "Hotkey",
              "Value": "q"
            }
          ],
          "RuleSet": null,
          "DefaultValue": "",
          "DataSource": null
        },
        {
          "FieldId": "WorkerCompensationRenewal.NoCategory.Hartford.Billing",
          "FieldName": "Billing",
          "IsMultiValue": false,
          "Type": "Text",
          "DeriveFieldsFormat": "",
          "Components": [],
          "SetValues": [],
          "Metadata": [
            {
              "Key": "Color",
              "Value": "#8c357a"
            },
            {
              "Key": "Hotkey",
              "Value": "g"
            }
          ],
          "RuleSet": null,
          "DefaultValue": "",
          "DataSource": null
        },
        {
          "FieldId": "WorkerCompensationRenewal.NoCategory.Hartford.ExpiryDate",
          "FieldName": "Expiry Date",
          "IsMultiValue": false,
          "Type": "Date",
          "DeriveFieldsFormat": "month,day,year",
          "Components": [],
          "SetValues": [],
          "Metadata": [
            {
              "Key": "Color",
              "Value": "#52c6dc"
            },
            {
              "Key": "Hotkey",
              "Value": "x"
            }
          ],
          "RuleSet": null,
          "DefaultValue": "",
          "DataSource": null
        },
        {
          "FieldId": "WorkerCompensationRenewal.NoCategory.Hartford.PolicyAppliedStates",
          "FieldName": "Policy Applied States",
          "IsMultiValue": true,
          "Type": "Text",
          "DeriveFieldsFormat": "",
          "Components": [],
          "SetValues": [],
          "Metadata": [
            {
              "Key": "Color",
              "Value": "#aaaa90"
            },
            {
              "Key": "Hotkey",
              "Value": "w"
            }
          ],
          "RuleSet": null,
          "DefaultValue": "",
          "DataSource": null
        },
        {
          "FieldId": "WorkerCompensationRenewal.NoCategory.Hartford.Injurybyaccident",
          "FieldName": "Injury by accident",
          "IsMultiValue": false,
          "Type": "Number",
          "DeriveFieldsFormat": "",
          "Components": [],
          "SetValues": [],
          "Metadata": [
            {
              "Key": "Color",
              "Value": "#8532af"
            },
            {
              "Key": "Hotkey",
              "Value": "j"
            }
          ],
          "RuleSet": null,
          "DefaultValue": "",
          "DataSource": null
        },
        {
          "FieldId": "WorkerCompensationRenewal.NoCategory.Hartford.Injurybydiseasepolicylimit",
          "FieldName": "Injury by disease policy limit",
          "IsMultiValue": false,
          "Type": "Number",
          "DeriveFieldsFormat": "",
          "Components": [],
          "SetValues": [],
          "Metadata": [
            {
              "Key": "Color",
              "Value": "#65d5f9"
            },
            {
              "Key": "Hotkey",
              "Value": "h"
            }
          ],
          "RuleSet": null,
          "DefaultValue": "",
          "DataSource": null
        },
        {
          "FieldId": "WorkerCompensationRenewal.NoCategory.Hartford.Injurybydiseaseeachemployee",
          "FieldName": "Injury by disease each employee",
          "IsMultiValue": false,
          "Type": "Number",
          "DeriveFieldsFormat": "",
          "Components": [],
          "SetValues": [],
          "Metadata": [
            {
              "Key": "Color",
              "Value": "#557a9f"
            },
            {
              "Key": "Hotkey",
              "Value": "k"
            }
          ],
          "RuleSet": null,
          "DefaultValue": "",
          "DataSource": null
        },
        {
          "FieldId": "WorkerCompensationRenewal.NoCategory.Hartford.Policyexceptionstates",
          "FieldName": "Policy exception states",
          "IsMultiValue": false,
          "Type": "Text",
          "DeriveFieldsFormat": "",
          "Components": [],
          "SetValues": [],
          "Metadata": [
            {
              "Key": "Color",
              "Value": "#cc55f4"
            },
            {
              "Key": "Hotkey",
              "Value": "z"
            }
          ],
          "RuleSet": null,
          "DefaultValue": "",
          "DataSource": null
        },
        {
          "FieldId": "WorkerCompensationRenewal.NoCategory.Hartford.Policypremium",
          "FieldName": "Policy premium",
          "IsMultiValue": false,
          "Type": "Number",
          "DeriveFieldsFormat": "",
          "Components": [],
          "SetValues": [],
          "Metadata": [
            {
              "Key": "Color",
              "Value": "#dfc089"
            },
            {
              "Key": "Hotkey",
              "Value": "v"
            }
          ],
          "RuleSet": null,
          "DefaultValue": "",
          "DataSource": null
        },
        {
          "FieldId": "WorkerCompensationRenewal.NoCategory.Hartford.Effectivedate",
          "FieldName": "Effective date",
          "IsMultiValue": false,
          "Type": "Date",
          "DeriveFieldsFormat": "month,day,year",
          "Components": [],
          "SetValues": [],
          "Metadata": [
            {
              "Key": "Color",
              "Value": "#8485a7"
            },
            {
              "Key": "Hotkey",
              "Value": "1"
            }
          ],
          "RuleSet": null,
          "DefaultValue": "",
          "DataSource": null
        },
        {
          "FieldId": "WorkerCompensationRenewal.NoCategory.Hartford.Partnes",
          "FieldName": "Partners",
          "IsMultiValue": true,
          "Type": "Name",
          "DeriveFieldsFormat": "",
          "Components": [],
          "SetValues": [],
          "Metadata": [
            {
              "Key": "Color",
              "Value": "#9f9cb4"
            },
            {
              "Key": "Hotkey",
              "Value": "2"
            }
          ],
          "RuleSet": null,
          "DefaultValue": "",
          "DataSource": null
        },
        {
          "FieldId": "WorkerCompensationRenewal.NoCategory.Hartford.officers",
          "FieldName": "officers",
          "IsMultiValue": true,
          "Type": "Name",
          "DeriveFieldsFormat": "",
          "Components": [],
          "SetValues": [],
          "Metadata": [
            {
              "Key": "Color",
              "Value": "#e31cf0"
            },
            {
              "Key": "Hotkey",
              "Value": "3"
            }
          ],
          "RuleSet": null,
          "DefaultValue": "",
          "DataSource": null
        },
        {
          "FieldId": "WorkerCompensationRenewal.NoCategory.Hartford.Entity",
          "FieldName": "Entity",
          "IsMultiValue": false,
          "Type": "Text",
          "DeriveFieldsFormat": "",
          "Components": [],
          "SetValues": [],
          "Metadata": [
            {
              "Key": "Color",
              "Value": "#ec3bff"
            },
            {
              "Key": "Hotkey",
              "Value": "4"
            }
          ],
          "RuleSet": null,
          "DefaultValue": "",
          "DataSource": null
        },
        {
          "FieldId": "WorkerCompensationRenewal.NoCategory.Hartford.RenewalExtension",
          "FieldName": "Renewal Extension",
          "IsMultiValue": false,
          "Type": "Number",
          "DeriveFieldsFormat": "",
          "Components": [],
          "SetValues": [],
          "Metadata": [
            {
              "Key": "Color",
              "Value": "#e86bd8"
            },
            {
              "Key": "Hotkey",
              "Value": "5"
            }
          ],
          "RuleSet": null,
          "DefaultValue": "",
          "DataSource": null
        },
        {
          "FieldId": "WorkerCompensationRenewal.NoCategory.Hartford.Others",
          "FieldName": "Others",
          "IsMultiValue": true,
          "Type": "Name",
          "DeriveFieldsFormat": "",
          "Components": [],
          "SetValues": [],
          "Metadata": [
            {
              "Key": "Color",
              "Value": "#6e89e1"
            },
            {
              "Key": "Hotkey",
              "Value": "6"
            }
          ],
          "RuleSet": null,
          "DefaultValue": "",
          "DataSource": null
        },
        {
          "FieldId": "WorkerCompensationRenewal.NoCategory.Hartford.OtherWorkplaces",
          "FieldName": "Other workplaces",
          "IsMultiValue": true,
          "Type": "Address",
          "DeriveFieldsFormat": "",
          "Components": [],
          "SetValues": [],
          "Metadata": [
            {
              "Key": "Color",
              "Value": "#b49a85"
            },
            {
              "Key": "Hotkey",
              "Value": "7"
            }
          ],
          "RuleSet": null,
          "DefaultValue": "",
          "DataSource": null
        },
        {
          "FieldId": "WorkerCompensationRenewal.NoCategory.Hartford.Exclusion",
          "FieldName": "Exclusion",
          "IsMultiValue": false,
          "Type": "Text",
          "DeriveFieldsFormat": "",
          "Components": [],
          "SetValues": [],
          "Metadata": [
            {
              "Key": "Color",
              "Value": "#dfaa77"
            },
            {
              "Key": "Hotkey",
              "Value": "8"
            }
          ],
          "RuleSet": null,
          "DefaultValue": "",
          "DataSource": null
        },
        {
          "FieldId": "WorkerCompensationRenewal.NoCategory.Hartford.SicCode",
          "FieldName": "Sic code",
          "IsMultiValue": false,
          "Type": "Number",
          "DeriveFieldsFormat": "",
          "Components": [],
          "SetValues": [],
          "Metadata": [
            {
              "Key": "Color",
              "Value": "#fc1cc4"
            },
            {
              "Key": "Hotkey",
              "Value": "9"
            }
          ],
          "RuleSet": null,
          "DefaultValue": "",
          "DataSource": null
        },
        {
          "FieldId": "WorkerCompensationRenewal.NoCategory.Hartford.Naics",
          "FieldName": "Naics",
          "IsMultiValue": false,
          "Type": "Number",
          "DeriveFieldsFormat": "",
          "Components": [],
          "SetValues": [],
          "Metadata": [
            {
              "Key": "Color",
              "Value": "#66cead"
            },
            {
              "Key": "Hotkey",
              "Value": "@"
            }
          ],
          "RuleSet": null,
          "DefaultValue": "",
          "DataSource": null
        },
        {
          "FieldId": "WorkerCompensationRenewal.NoCategory.Hartford.BusinessofNamedInsured",
          "FieldName": "Business of Named Insured",
          "IsMultiValue": false,
          "Type": "Text",
          "DeriveFieldsFormat": "",
          "Components": [],
          "SetValues": [],
          "Metadata": [
            {
              "Key": "Color",
              "Value": "#815de3"
            },
            {
              "Key": "Hotkey",
              "Value": "#"
            }
          ],
          "RuleSet": null,
          "DefaultValue": "",
          "DataSource": null
        },
        {
          "FieldId": "WorkerCompensationRenewal.NoCategory.Hartford.AdditionalDataTable",
          "FieldName": "Additional Data Table",
          "IsMultiValue": false,
          "Type": "Table",
          "DeriveFieldsFormat": "",
          "Components": [
            {
              "FieldId": "WorkerCompensationRenewal.NoCategory.Hartford.AdditionalDataTable.FormNumber",
              "FieldName": "Form Number",
              "IsMultiValue": false,
              "Type": "Text",
              "DeriveFieldsFormat": "",
              "Components": [],
              "SetValues": [],
              "Metadata": [],
              "RuleSet": null,
              "DefaultValue": "",
              "DataSource": null
            },
            {
              "FieldId": "WorkerCompensationRenewal.NoCategory.Hartford.AdditionalDataTable.EndorsementName",
              "FieldName": "Endorsement Name",
              "IsMultiValue": false,
              "Type": "Text",
              "DeriveFieldsFormat": "",
              "Components": [],
              "SetValues": [],
              "Metadata": [],
              "RuleSet": null,
              "DefaultValue": "",
              "DataSource": null
            },
            {
              "FieldId": "WorkerCompensationRenewal.NoCategory.Hartford.AdditionalDataTable.Class",
              "FieldName": "Class",
              "IsMultiValue": false,
              "Type": "Number",
              "DeriveFieldsFormat": "",
              "Components": [],
              "SetValues": [],
              "Metadata": [],
              "RuleSet": null,
              "DefaultValue": "",
              "DataSource": null
            },
            {
              "FieldId": "WorkerCompensationRenewal.NoCategory.Hartford.AdditionalDataTable.Description",
              "FieldName": "Description",
              "IsMultiValue": false,
              "Type": "Text",
              "DeriveFieldsFormat": "",
              "Components": [],
              "SetValues": [],
              "Metadata": [],
              "RuleSet": null,
              "DefaultValue": "",
              "DataSource": null
            },
            {
              "FieldId": "WorkerCompensationRenewal.NoCategory.Hartford.AdditionalDataTable.Annualremuneration",
              "FieldName": "Annual remuneration",
              "IsMultiValue": false,
              "Type": "Number",
              "DeriveFieldsFormat": "",
              "Components": [],
              "SetValues": [],
              "Metadata": [],
              "RuleSet": null,
              "DefaultValue": "",
              "DataSource": null
            },
            {
              "FieldId": "WorkerCompensationRenewal.NoCategory.Hartford.AdditionalDataTable.Rateper100ofremuneration",
              "FieldName": "Rate per 100 of remuneration",
              "IsMultiValue": false,
              "Type": "Number",
              "DeriveFieldsFormat": "",
              "Components": [],
              "SetValues": [],
              "Metadata": [],
              "RuleSet": null,
              "DefaultValue": "",
              "DataSource": null
            },
            {
              "FieldId": "WorkerCompensationRenewal.NoCategory.Hartford.AdditionalDataTable.estimatedannualpremium",
              "FieldName": "Estimated annual premium",
              "IsMultiValue": false,
              "Type": "Number",
              "DeriveFieldsFormat": "",
              "Components": [],
              "SetValues": [],
              "Metadata": [],
              "RuleSet": null,
              "DefaultValue": "",
              "DataSource": null
            },
            {
              "FieldId": "WorkerCompensationRenewal.NoCategory.Hartford.AdditionalDataTable.Premiumadjustments",
              "FieldName": "Premium adjustments",
              "IsMultiValue": false,
              "Type": "Number",
              "DeriveFieldsFormat": "",
              "Components": [],
              "SetValues": [],
              "Metadata": [],
              "RuleSet": null,
              "DefaultValue": "",
              "DataSource": null
            },
            {
              "FieldId": "WorkerCompensationRenewal.NoCategory.Hartford.AdditionalDataTable.Premium",
              "FieldName": "Premium",
              "IsMultiValue": false,
              "Type": "Number",
              "DeriveFieldsFormat": "",
              "Components": [],
              "SetValues": [],
              "Metadata": [],
              "RuleSet": null,
              "DefaultValue": "",
              "DataSource": null
            },
            {
              "FieldId": "WorkerCompensationRenewal.NoCategory.Hartford.AdditionalDataTable.NamedInsured",
              "FieldName": "Location Classification Name ",
              "IsMultiValue": false,
              "Type": "Text",
              "DeriveFieldsFormat": "",
              "Components": [],
              "SetValues": [],
              "Metadata": [],
              "RuleSet": null,
              "DefaultValue": "",
              "DataSource": null
            },
            {
              "FieldId": "WorkerCompensationRenewal.NoCategory.Hartford.AdditionalDataTable.Fein",
              "FieldName": "Fein",
              "IsMultiValue": false,
              "Type": "Number",
              "DeriveFieldsFormat": "",
              "Components": [],
              "SetValues": [],
              "Metadata": [],
              "RuleSet": null,
              "DefaultValue": "",
              "DataSource": null
            },
            {
              "FieldId": "WorkerCompensationRenewal.NoCategory.Hartford.AdditionalDataTable.Entitytype",
              "FieldName": "Entity type",
              "IsMultiValue": false,
              "Type": "Text",
              "DeriveFieldsFormat": "",
              "Components": [],
              "SetValues": [],
              "Metadata": [],
              "RuleSet": null,
              "DefaultValue": "",
              "DataSource": null
            },
            {
              "FieldId": "WorkerCompensationRenewal.NoCategory.Hartford.AdditionalDataTable.StreetAddress",
              "FieldName": "Street address",
              "IsMultiValue": false,
              "Type": "Address",
              "DeriveFieldsFormat": "",
              "Components": [],
              "SetValues": [],
              "Metadata": [],
              "RuleSet": null,
              "DefaultValue": "",
              "DataSource": null
            },
            {
              "FieldId": "WorkerCompensationRenewal.NoCategory.Hartford.AdditionalDataTable.NoofEmpl",
              "FieldName": "No of Empl",
              "IsMultiValue": false,
              "Type": "Number",
              "DeriveFieldsFormat": "",
              "Components": [],
              "SetValues": [],
              "Metadata": [],
              "RuleSet": null,
              "DefaultValue": "",
              "DataSource": null
            }
          ],
          "SetValues": [],
          "Metadata": [
            {
              "Key": "Color",
              "Value": "#7ba9ed"
            },
            {
              "Key": "Hotkey",
              "Value": "$"
            }
          ],
          "RuleSet": null,
          "DefaultValue": "",
          "DataSource": null
        }
      ]
    }
  ],
  "Groups": [
    {
      "Name": "WorkerCompensationRenewal",
      "Categories": []
    }
  ],
  "SupportedLanguages": [
    {
      "Name": "Undetermined Language",
      "Code": "und"
    },
    {
      "Name": "Bulgarian",
      "Code": "bul"
    },
    {
      "Name": "Cantonese",
      "Code": "yue"
    },
    {
      "Name": "Danish",
      "Code": "dan"
    },
    {
      "Name": "Dutch",
      "Code": "nld"
    },
    {
      "Name": "English",
      "Code": "eng"
    },
    {
      "Name": "French",
      "Code": "fra"
    },
    {
      "Name": "Georgian",
      "Code": "kat"
    },
    {
      "Name": "German",
      "Code": "deu"
    },
    {
      "Name": "Greek",
      "Code": "ell"
    },
    {
      "Name": "Hebrew",
      "Code": "heb"
    },
    {
      "Name": "Hindi",
      "Code": "hin"
    },
    {
      "Name": "Italian",
      "Code": "ita"
    },
    {
      "Name": "Japanese",
      "Code": "jpn"
    },
    {
      "Name": "Korean",
      "Code": "kor"
    },
    {
      "Name": "Macedonian",
      "Code": "mkd"
    },
    {
      "Name": "Mandarin",
      "Code": "zho"
    },
    {
      "Name": "Marathi",
      "Code": "mar"
    },
    {
      "Name": "Norwegian",
      "Code": "nor"
    },
    {
      "Name": "Polish",
      "Code": "pol"
    },
    {
      "Name": "Portuguese",
      "Code": "por"
    },
    {
      "Name": "Romanian",
      "Code": "ron"
    },
    {
      "Name": "Russian",
      "Code": "rus"
    },
    {
      "Name": "Serbian",
      "Code": "srp"
    },
    {
      "Name": "Spanish",
      "Code": "spa"
    },
    {
      "Name": "Swedish",
      "Code": "swe"
    },
    {
      "Name": "Telugu",
      "Code": "tel"
    }
  ]
}