{
  "DisplayName": "Main",
  "Tooltip": null,
  "HelpLink": null,
  "Color": null,
  "OriginalIconFileName": null,
  "Arguments": [
    {
      "Name": "ForEachEmailConnections_3_Connection0",
      "DisplayName": "ForEachEmailConnections_3_Connection",
      "Category": null,
      "Tooltip": "For Each Email",
      "Placeholder": null,
      "Widget": "Connection",
      "IsRequired": true,
      "IsPrincipal": true,
      "ArgumentType": 1,
      "DataSourceItems": null
    },
    {
      "Name": "ForEachEmailConnections_3_Connection0_Property0_Metadata",
      "DisplayName": "Email folder or label",
      "Category": null,
      "Tooltip": "For Each Email",
      "Placeholder": null,
      "Widget": null,
      "IsRequired": true,
      "IsPrincipal": true,
      "ArgumentType": 2,
      "DataSourceItems": null
    },
    {
      "Name": "in_FilePath",
      "DisplayName": "in_FilePath",
      "Category": null,
      "Tooltip": null,
      "Placeholder": null,
      "Widget": null,
      "IsRequired": false,
      "IsPrincipal": true,
      "ArgumentType": 0,
      "DataSourceItems": null
    },
    {
      "Name": "ForEachEmailConnections_3_Connection0_Property1_Metadata",
      "DisplayName": "To email folder or label",
      "Category": null,
      "Tooltip": "Move Email to RPA folder",
      "Placeholder": null,
      "Widget": null,
      "IsRequired": true,
      "IsPrincipal": true,
      "ArgumentType": 2,
      "DataSourceItems": null
    }
  ]
}