[{"DocumentTypeId":"CommercialLines_WC.CartonHosey.Amtrust","Keywords":[]},{"DocumentTypeId":"CommercialLines_WC.CartonHosey.Autoowners","Keywords":[]},{"DocumentTypeId":"CommercialLines_WC.CartonHosey.Hartford","Keywords":[]},{"DocumentTypeId":"CommercialLines_WC.CartonHosey.Summit","Keywords":[{"Values":["summit","consulting"],"NumberOfTimesConfirmed":1,"LastUpdated":"2024-10-17T11:41:59.4853017+05:30"},{"Values":["bridgefield","employers","insurance","company"],"NumberOfTimesConfirmed":1,"LastUpdated":"2024-10-17T11:41:59.4853056+05:30"},{"Values":["retailfirst","insurance","company"],"NumberOfTimesConfirmed":1,"LastUpdated":"2024-10-17T11:41:59.4853062+05:30"}]},{"DocumentTypeId":"CommercialLines_WC.CartonHosey.Travelers","Keywords":[{"Values":["travelers","casualty","and","surety","company"],"NumberOfTimesConfirmed":1,"LastUpdated":"2024-10-17T11:26:59.5779358+05:30"},{"Values":["the","travelers","indemnity","company"],"NumberOfTimesConfirmed":1,"LastUpdated":"2024-10-17T11:26:59.577945+05:30"},{"Values":["travelers"],"NumberOfTimesConfirmed":1,"LastUpdated":"2024-10-17T11:26:59.5779462+05:30"}]},{"DocumentTypeId":"CommercialLines_WC.CartonHosey.Zenith","Keywords":[{"Values":["zenith","insurance","company"],"NumberOfTimesConfirmed":1,"LastUpdated":"2024-10-17T11:26:59.5779485+05:30"},{"Values":["zenith"],"NumberOfTimesConfirmed":1,"LastUpdated":"2024-10-17T11:26:59.5779789+05:30"}]}]
