{
  "Workflows": [
    {
      "Path": null,
      "SortBy": 0,
      "VariablesSectionElementsOrder": [],
      "ArgumentsSectionElementsOrder": null,
      "ConstantsSectionElementsOrder": [],
      "AddedNamespaces": null
    },
    {
      "Path": "Main.xaml",
      "SortBy": 0,
      "VariablesSectionElementsOrder": [
        "File_path&Sequence_1",
        "sheet_exist&Sequence_112",
        "Date_data&Sequence_1",
        "prev_employee&Sequence_1",
        "value&Sequence_1",
        "dt&Sequence_1",
        "dt2&Sequence_1",
        "previousdate&Sequence_1",
        "Ename&Sequence_1",
        "otherday_getdate&Sequence_1",
        "findday&Sequence_1",
        "day&Sequence_1",
        "friday_togetdate&Sequence_1",
        "singledigit&Sequence_1",
        "monthname&Sequence_1",
        "indexofzero&Sequence_1",
        "Existdailytimeentries&Sequence_1",
        "Norecordfoundexist&Sequence_1",
        "FolderExist&Sequence_1",
        "Comments&Sequence_50"
      ],
      "ArgumentsSectionElementsOrder": [
        "In_arg_output_path"
      ],
      "ConstantsSectionElementsOrder": [],
      "AddedNamespaces": null
    },
    {
      "Path": "test.xaml",
      "SortBy": 0,
      "VariablesSectionElementsOrder": [
        "FilePath&Sequence_1",
        "Employeetimesheet&Sequence_1",
        "DT1&Sequence_1",
        "cellvalue&Sequence_1",
        "monthname&Sequence_1"
      ],
      "ArgumentsSectionElementsOrder": [],
      "ConstantsSectionElementsOrder": [],
      "AddedNamespaces": null
    },
    {
      "Path": "count.xaml",
      "SortBy": 0,
      "VariablesSectionElementsOrder": [
        "OutputCount&Sequence_1",
        "OutputListCount&Sequence_4",
        "OutputListName&Sequence_4",
        "txt&Sequence_1",
        "Op_dt&Sequence_1",
        "FruitName&Sequence_1",
        "dt_table&Sequence_1"
      ],
      "ArgumentsSectionElementsOrder": [],
      "ConstantsSectionElementsOrder": [],
      "AddedNamespaces": null
    }
  ]
}