﻿{
  "DataContractVersion": "1.1",
  "DocumentTypes": [
    {
      "Connections": [],
      "DocumentTypeId": "Semi-StructuredDocuments.Financial.Receipt",
      "Group": "Semi-StructuredDocuments",
      "Category": "Financial",
      "Name": "Receipt",
      "OptionalUniqueIdentifier": "",
      "TypeField": {
        "FieldId": "Semi-StructuredDocuments.Financial.Receipt.DocumentType",
        "FieldName": "Document Type"
      },
      "Fields": [
        {
          "FieldId": "Semi-StructuredDocuments.Financial.Receipt.ReceiptName",
          "FieldName": "Receipt Name",
          "IsMultiValue": false,
          "Type": "Text",
          "DeriveFieldsFormat": "",
          "Components": [],
          "SetValues": [],
          "Metadata": [],
          "RuleSet": null,
          "DefaultValue": null,
          "DataSource": null
        },
        {
          "FieldId": "Semi-StructuredDocuments.Financial.Receipt.VendorAddress",
          "FieldName": "Vendor Address",
          "IsMultiValue": false,
          "Type": "Text",
          "DeriveFieldsFormat": "",
          "Components": [],
          "SetValues": [],
          "Metadata": [],
          "RuleSet": null,
          "DefaultValue": null,
          "DataSource": null
        },
        {
          "FieldId": "Semi-StructuredDocuments.Financial.Receipt.PhoneNr",
          "FieldName": "Phone Number",
          "IsMultiValue": false,
          "Type": "Text",
          "DeriveFieldsFormat": "",
          "Components": [],
          "SetValues": [],
          "Metadata": [],
          "RuleSet": null,
          "DefaultValue": null,
          "DataSource": null
        },
        {
          "FieldId": "Semi-StructuredDocuments.Financial.Receipt.ReceiptDate",
          "FieldName": "Receipt Date",
          "IsMultiValue": false,
          "Type": "Date",
          "DeriveFieldsFormat": "",
          "Components": [],
          "SetValues": [],
          "Metadata": [],
          "RuleSet": null,
          "DefaultValue": null,
          "DataSource": null
        },
        {
          "FieldId": "Semi-StructuredDocuments.Financial.Receipt.ReceiptNumber",
          "FieldName": "Receipt Number",
          "IsMultiValue": false,
          "Type": "Text",
          "DeriveFieldsFormat": "",
          "Components": [],
          "SetValues": [],
          "Metadata": [],
          "RuleSet": null,
          "DefaultValue": null,
          "DataSource": null
        },
        {
          "FieldId": "Semi-StructuredDocuments.Financial.Receipt.ExpenseType",
          "FieldName": "Expense Type",
          "IsMultiValue": false,
          "Type": "Text",
          "DeriveFieldsFormat": "",
          "Components": [],
          "SetValues": [],
          "Metadata": [],
          "RuleSet": null,
          "DefaultValue": null,
          "DataSource": null
        },
        {
          "FieldId": "Semi-StructuredDocuments.Financial.Receipt.TaxAmount",
          "FieldName": "Tax Amount",
          "IsMultiValue": false,
          "Type": "Text",
          "DeriveFieldsFormat": "",
          "Components": [],
          "SetValues": [],
          "Metadata": [],
          "RuleSet": null,
          "DefaultValue": null,
          "DataSource": null
        },
        {
          "FieldId": "Semi-StructuredDocuments.Financial.Receipt.TotalValue",
          "FieldName": "Total Value",
          "IsMultiValue": false,
          "Type": "Text",
          "DeriveFieldsFormat": "",
          "Components": [],
          "SetValues": [],
          "Metadata": [],
          "RuleSet": null,
          "DefaultValue": null,
          "DataSource": null
        },
        {
          "FieldId": "Semi-StructuredDocuments.Financial.Receipt.Currency",
          "FieldName": "Currency",
          "IsMultiValue": false,
          "Type": "Text",
          "DeriveFieldsFormat": "",
          "Components": [],
          "SetValues": [],
          "Metadata": [],
          "RuleSet": null,
          "DefaultValue": null,
          "DataSource": null
        },
        {
          "FieldId": "Semi-StructuredDocuments.Financial.Receipt.Items",
          "FieldName": "Items",
          "IsMultiValue": false,
          "Type": "Table",
          "DeriveFieldsFormat": "",
          "Components": [
            {
              "FieldId": "Semi-StructuredDocuments.Financial.Receipt.Items.Description",
              "FieldName": "Description",
              "IsMultiValue": false,
              "Type": "Text",
              "DeriveFieldsFormat": "",
              "Components": [],
              "SetValues": [],
              "Metadata": [],
              "RuleSet": null,
              "DefaultValue": null,
              "DataSource": null
            },
            {
              "FieldId": "Semi-StructuredDocuments.Financial.Receipt.Items.Qty",
              "FieldName": "Quantity",
              "IsMultiValue": false,
              "Type": "Number",
              "DeriveFieldsFormat": "",
              "Components": [],
              "SetValues": [],
              "Metadata": [],
              "RuleSet": null,
              "DefaultValue": null,
              "DataSource": null
            },
            {
              "FieldId": "Semi-StructuredDocuments.Financial.Receipt.Items.UnitPrice",
              "FieldName": "Unit Price",
              "IsMultiValue": false,
              "Type": "Text",
              "DeriveFieldsFormat": "",
              "Components": [],
              "SetValues": [],
              "Metadata": [],
              "RuleSet": null,
              "DefaultValue": null,
              "DataSource": null
            },
            {
              "FieldId": "Semi-StructuredDocuments.Financial.Receipt.Items.Amount",
              "FieldName": "Line Amount",
              "IsMultiValue": false,
              "Type": "Text",
              "DeriveFieldsFormat": "",
              "Components": [],
              "SetValues": [],
              "Metadata": [],
              "RuleSet": null,
              "DefaultValue": null,
              "DataSource": null
            }
          ],
          "SetValues": [],
          "Metadata": [],
          "RuleSet": null,
          "DefaultValue": null,
          "DataSource": null
        }
      ]
    },
    {
      "Connections": [],
      "DocumentTypeId": "Semi-StructuredDocuments.Financial.Invoice",
      "Group": "Semi-StructuredDocuments",
      "Category": "Financial",
      "Name": "Invoice",
      "OptionalUniqueIdentifier": null,
      "TypeField": {
        "FieldId": "Semi-StructuredDocuments.Financial.Invoice.DocumentType",
        "FieldName": "Document Type"
      },
      "Fields": [
        {
          "FieldId": "Semi-StructuredDocuments.Financial.Invoice.Name",
          "FieldName": "Name",
          "IsMultiValue": false,
          "Type": "Text",
          "DeriveFieldsFormat": "",
          "Components": [],
          "SetValues": [],
          "Metadata": [
            {
              "Key": "RequiresReference",
              "Value": "true"
            }
          ],
          "RuleSet": null,
          "DefaultValue": null,
          "DataSource": null
        },
        {
          "FieldId": "Semi-StructuredDocuments.Financial.Invoice.VendorAddress",
          "FieldName": "Vendor Address",
          "IsMultiValue": false,
          "Type": "Address",
          "DeriveFieldsFormat": "",
          "Components": [],
          "SetValues": [],
          "Metadata": [
            {
              "Key": "RequiresReference",
              "Value": "true"
            }
          ],
          "RuleSet": null,
          "DefaultValue": null,
          "DataSource": null
        },
        {
          "FieldId": "Semi-StructuredDocuments.Financial.Invoice.BillingName",
          "FieldName": "Billing Name",
          "IsMultiValue": false,
          "Type": "Text",
          "DeriveFieldsFormat": "",
          "Components": [],
          "SetValues": [],
          "Metadata": [
            {
              "Key": "RequiresReference",
              "Value": "true"
            }
          ],
          "RuleSet": null,
          "DefaultValue": null,
          "DataSource": null
        },
        {
          "FieldId": "Semi-StructuredDocuments.Financial.Invoice.BillingAddress",
          "FieldName": "Billing Address",
          "IsMultiValue": false,
          "Type": "Address",
          "DeriveFieldsFormat": "",
          "Components": [],
          "SetValues": [],
          "Metadata": [
            {
              "Key": "RequiresReference",
              "Value": "true"
            }
          ],
          "RuleSet": null,
          "DefaultValue": null,
          "DataSource": null
        },
        {
          "FieldId": "Semi-StructuredDocuments.Financial.Invoice.BillingVATNo",
          "FieldName": "Billing VAT Number",
          "IsMultiValue": false,
          "Type": "Text",
          "DeriveFieldsFormat": "",
          "Components": [],
          "SetValues": [],
          "Metadata": [
            {
              "Key": "RequiresReference",
              "Value": "true"
            }
          ],
          "RuleSet": null,
          "DefaultValue": null,
          "DataSource": null
        },
        {
          "FieldId": "Semi-StructuredDocuments.Financial.Invoice.ShippingAddress",
          "FieldName": "Shipping Address",
          "IsMultiValue": false,
          "Type": "Address",
          "DeriveFieldsFormat": "",
          "Components": [],
          "SetValues": [],
          "Metadata": [
            {
              "Key": "RequiresReference",
              "Value": "true"
            }
          ],
          "RuleSet": null,
          "DefaultValue": null,
          "DataSource": null
        },
        {
          "FieldId": "Semi-StructuredDocuments.Financial.Invoice.PaymentAddress",
          "FieldName": "Payment Address",
          "IsMultiValue": false,
          "Type": "Address",
          "DeriveFieldsFormat": "",
          "Components": [],
          "SetValues": [],
          "Metadata": [
            {
              "Key": "RequiresReference",
              "Value": "true"
            }
          ],
          "RuleSet": null,
          "DefaultValue": null,
          "DataSource": null
        },
        {
          "FieldId": "Semi-StructuredDocuments.Financial.Invoice.VendorVATNo",
          "FieldName": "Vendor VAT Number",
          "IsMultiValue": false,
          "Type": "Text",
          "DeriveFieldsFormat": "",
          "Components": [],
          "SetValues": [],
          "Metadata": [
            {
              "Key": "RequiresReference",
              "Value": "true"
            }
          ],
          "RuleSet": null,
          "DefaultValue": null,
          "DataSource": null
        },
        {
          "FieldId": "Semi-StructuredDocuments.Financial.Invoice.Date",
          "FieldName": "Date",
          "IsMultiValue": false,
          "Type": "Date",
          "DeriveFieldsFormat": "",
          "Components": [],
          "SetValues": [],
          "Metadata": [
            {
              "Key": "RequiresReference",
              "Value": "true"
            }
          ],
          "RuleSet": null,
          "DefaultValue": null,
          "DataSource": null
        },
        {
          "FieldId": "Semi-StructuredDocuments.Financial.Invoice.DueDate",
          "FieldName": "DueDate",
          "IsMultiValue": false,
          "Type": "Date",
          "DeriveFieldsFormat": "",
          "Components": [],
          "SetValues": [],
          "Metadata": [
            {
              "Key": "RequiresReference",
              "Value": "true"
            }
          ],
          "RuleSet": null,
          "DefaultValue": null,
          "DataSource": null
        },
        {
          "FieldId": "Semi-StructuredDocuments.Financial.Invoice.InvoiceNo",
          "FieldName": "Invoice Number",
          "IsMultiValue": false,
          "Type": "Text",
          "DeriveFieldsFormat": "",
          "Components": [],
          "SetValues": [],
          "Metadata": [
            {
              "Key": "RequiresReference",
              "Value": "true"
            }
          ],
          "RuleSet": null,
          "DefaultValue": null,
          "DataSource": null
        },
        {
          "FieldId": "Semi-StructuredDocuments.Financial.Invoice.PONo",
          "FieldName": "PO Number",
          "IsMultiValue": false,
          "Type": "Text",
          "DeriveFieldsFormat": "",
          "Components": [],
          "SetValues": [],
          "Metadata": [
            {
              "Key": "RequiresReference",
              "Value": "true"
            }
          ],
          "RuleSet": null,
          "DefaultValue": null,
          "DataSource": null
        },
        {
          "FieldId": "Semi-StructuredDocuments.Financial.Invoice.PaymentTerms",
          "FieldName": "Payment Terms",
          "IsMultiValue": false,
          "Type": "Text",
          "DeriveFieldsFormat": "",
          "Components": [],
          "SetValues": [],
          "Metadata": [
            {
              "Key": "RequiresReference",
              "Value": "true"
            }
          ],
          "RuleSet": null,
          "DefaultValue": null,
          "DataSource": null
        },
        {
          "FieldId": "Semi-StructuredDocuments.Financial.Invoice.ShippingCharges",
          "FieldName": "Shipping Charges",
          "IsMultiValue": false,
          "Type": "Text",
          "DeriveFieldsFormat": "",
          "Components": [],
          "SetValues": [],
          "Metadata": [
            {
              "Key": "RequiresReference",
              "Value": "true"
            }
          ],
          "RuleSet": null,
          "DefaultValue": null,
          "DataSource": null
        },
        {
          "FieldId": "Semi-StructuredDocuments.Financial.Invoice.TaxAmount",
          "FieldName": "Tax Amount",
          "IsMultiValue": false,
          "Type": "Text",
          "DeriveFieldsFormat": "",
          "Components": [],
          "SetValues": [],
          "Metadata": [
            {
              "Key": "RequiresReference",
              "Value": "true"
            }
          ],
          "RuleSet": null,
          "DefaultValue": null,
          "DataSource": null
        },
        {
          "FieldId": "Semi-StructuredDocuments.Financial.Invoice.NetAmount",
          "FieldName": "Net Amount",
          "IsMultiValue": false,
          "Type": "Text",
          "DeriveFieldsFormat": "",
          "Components": [],
          "SetValues": [],
          "Metadata": [
            {
              "Key": "RequiresReference",
              "Value": "true"
            }
          ],
          "RuleSet": null,
          "DefaultValue": null,
          "DataSource": null
        },
        {
          "FieldId": "Semi-StructuredDocuments.Financial.Invoice.Total",
          "FieldName": "Total",
          "IsMultiValue": false,
          "Type": "Text",
          "DeriveFieldsFormat": "",
          "Components": [],
          "SetValues": [],
          "Metadata": [
            {
              "Key": "RequiresReference",
              "Value": "true"
            }
          ],
          "RuleSet": null,
          "DefaultValue": null,
          "DataSource": null
        },
        {
          "FieldId": "Semi-StructuredDocuments.Financial.Invoice.Discount",
          "FieldName": "Discount",
          "IsMultiValue": false,
          "Type": "Text",
          "DeriveFieldsFormat": "",
          "Components": [],
          "SetValues": [],
          "Metadata": [
            {
              "Key": "RequiresReference",
              "Value": "true"
            }
          ],
          "RuleSet": null,
          "DefaultValue": null,
          "DataSource": null
        },
        {
          "FieldId": "Semi-StructuredDocuments.Financial.Invoice.Currency",
          "FieldName": "Currency",
          "IsMultiValue": false,
          "Type": "Text",
          "DeriveFieldsFormat": "",
          "Components": [],
          "SetValues": [],
          "Metadata": [
            {
              "Key": "RequiresReference",
              "Value": "true"
            }
          ],
          "RuleSet": null,
          "DefaultValue": null,
          "DataSource": null
        },
        {
          "FieldId": "Semi-StructuredDocuments.Financial.Invoice.Items",
          "FieldName": "Items",
          "IsMultiValue": false,
          "Type": "Table",
          "DeriveFieldsFormat": "",
          "Components": [
            {
              "FieldId": "Semi-StructuredDocuments.Financial.Invoice.Items.LineNo",
              "FieldName": "Line Number",
              "IsMultiValue": false,
              "Type": "Text",
              "DeriveFieldsFormat": "",
              "Components": [],
              "SetValues": [],
              "Metadata": [
                {
                  "Key": "RequiresReference",
                  "Value": "true"
                }
              ],
              "RuleSet": null,
              "DefaultValue": null,
              "DataSource": null
            },
            {
              "FieldId": "Semi-StructuredDocuments.Financial.Invoice.Items.Description",
              "FieldName": "Description",
              "IsMultiValue": false,
              "Type": "Text",
              "DeriveFieldsFormat": "",
              "Components": [],
              "SetValues": [],
              "Metadata": [
                {
                  "Key": "RequiresReference",
                  "Value": "true"
                }
              ],
              "RuleSet": null,
              "DefaultValue": null,
              "DataSource": null
            },
            {
              "FieldId": "Semi-StructuredDocuments.Financial.Invoice.Items.ItemPONo",
              "FieldName": "Item PO Number",
              "IsMultiValue": false,
              "Type": "Text",
              "DeriveFieldsFormat": "",
              "Components": [],
              "SetValues": [],
              "Metadata": [
                {
                  "Key": "RequiresReference",
                  "Value": "true"
                }
              ],
              "RuleSet": null,
              "DefaultValue": null,
              "DataSource": null
            },
            {
              "FieldId": "Semi-StructuredDocuments.Financial.Invoice.Items.Qty",
              "FieldName": "Quantity",
              "IsMultiValue": false,
              "Type": "Number",
              "DeriveFieldsFormat": "",
              "Components": [],
              "SetValues": [],
              "Metadata": [
                {
                  "Key": "RequiresReference",
                  "Value": "true"
                }
              ],
              "RuleSet": null,
              "DefaultValue": null,
              "DataSource": null
            },
            {
              "FieldId": "Semi-StructuredDocuments.Financial.Invoice.Items.UnitPrice",
              "FieldName": "Unit Price",
              "IsMultiValue": false,
              "Type": "Text",
              "DeriveFieldsFormat": "",
              "Components": [],
              "SetValues": [],
              "Metadata": [
                {
                  "Key": "RequiresReference",
                  "Value": "true"
                }
              ],
              "RuleSet": null,
              "DefaultValue": null,
              "DataSource": null
            },
            {
              "FieldId": "Semi-StructuredDocuments.Financial.Invoice.Items.Amount",
              "FieldName": "Line Amount",
              "IsMultiValue": false,
              "Type": "Text",
              "DeriveFieldsFormat": "",
              "Components": [],
              "SetValues": [],
              "Metadata": [
                {
                  "Key": "RequiresReference",
                  "Value": "true"
                }
              ],
              "RuleSet": null,
              "DefaultValue": null,
              "DataSource": null
            },
            {
              "FieldId": "Semi-StructuredDocuments.Financial.Invoice.Items.PartNo",
              "FieldName": "Part Number",
              "IsMultiValue": false,
              "Type": "Text",
              "DeriveFieldsFormat": "",
              "Components": [],
              "SetValues": [],
              "Metadata": [
                {
                  "Key": "RequiresReference",
                  "Value": "true"
                }
              ],
              "RuleSet": null,
              "DefaultValue": null,
              "DataSource": null
            }
          ],
          "SetValues": [],
          "Metadata": [
            {
              "Key": "RequiresReference",
              "Value": "true"
            }
          ],
          "RuleSet": null,
          "DefaultValue": null,
          "DataSource": null
        }
      ]
    },
    {
      "Connections": [],
      "DocumentTypeId": "StructuredDocuments.LendingForms.W-9",
      "Group": "Structured Documents",
      "Category": "Lending Forms",
      "Name": "W-9",
      "OptionalUniqueIdentifier": null,
      "TypeField": {
        "FieldId": "StructuredDocuments.LendingForms.W-9.DocumentType",
        "FieldName": "Document Type"
      },
      "Fields": [
        {
          "FieldId": "StructuredDocuments.LendingForms.W-9.1_Name",
          "FieldName": "1_Name",
          "IsMultiValue": false,
          "Type": "Text",
          "DeriveFieldsFormat": "",
          "Components": [],
          "SetValues": [],
          "Metadata": [
            {
              "Key": "RequiresReference",
              "Value": "true"
            }
          ],
          "RuleSet": null,
          "DefaultValue": null,
          "DataSource": null
        },
        {
          "FieldId": "StructuredDocuments.LendingForms.W-9.2_BusinessName",
          "FieldName": "2_Business Name",
          "IsMultiValue": false,
          "Type": "Text",
          "DeriveFieldsFormat": "",
          "Components": [],
          "SetValues": [],
          "Metadata": [
            {
              "Key": "RequiresReference",
              "Value": "true"
            }
          ],
          "RuleSet": null,
          "DefaultValue": null,
          "DataSource": null
        },
        {
          "FieldId": "StructuredDocuments.LendingForms.W-9.3a_Individual",
          "FieldName": "3a_Individual",
          "IsMultiValue": false,
          "Type": "Boolean",
          "DeriveFieldsFormat": "",
          "Components": [],
          "SetValues": [],
          "Metadata": [
            {
              "Key": "RequiresReference",
              "Value": "false"
            }
          ],
          "RuleSet": null,
          "DefaultValue": null,
          "DataSource": null
        },
        {
          "FieldId": "StructuredDocuments.LendingForms.W-9.3b_CCorp",
          "FieldName": "3b_C Corp",
          "IsMultiValue": false,
          "Type": "Boolean",
          "DeriveFieldsFormat": "",
          "Components": [],
          "SetValues": [],
          "Metadata": [
            {
              "Key": "RequiresReference",
              "Value": "false"
            }
          ],
          "RuleSet": null,
          "DefaultValue": null,
          "DataSource": null
        },
        {
          "FieldId": "StructuredDocuments.LendingForms.W-9.3c_SCorp",
          "FieldName": "3c_S Corp",
          "IsMultiValue": false,
          "Type": "Boolean",
          "DeriveFieldsFormat": "",
          "Components": [],
          "SetValues": [],
          "Metadata": [
            {
              "Key": "RequiresReference",
              "Value": "false"
            }
          ],
          "RuleSet": null,
          "DefaultValue": null,
          "DataSource": null
        },
        {
          "FieldId": "StructuredDocuments.LendingForms.W-9.3d_Partnership",
          "FieldName": "3d_Partnership",
          "IsMultiValue": false,
          "Type": "Boolean",
          "DeriveFieldsFormat": "",
          "Components": [],
          "SetValues": [],
          "Metadata": [
            {
              "Key": "RequiresReference",
              "Value": "false"
            }
          ],
          "RuleSet": null,
          "DefaultValue": null,
          "DataSource": null
        },
        {
          "FieldId": "StructuredDocuments.LendingForms.W-9.3e_Trust-estate",
          "FieldName": "3e_Trust-estate",
          "IsMultiValue": false,
          "Type": "Boolean",
          "DeriveFieldsFormat": "",
          "Components": [],
          "SetValues": [],
          "Metadata": [
            {
              "Key": "RequiresReference",
              "Value": "false"
            }
          ],
          "RuleSet": null,
          "DefaultValue": null,
          "DataSource": null
        },
        {
          "FieldId": "StructuredDocuments.LendingForms.W-9.3f_LLC",
          "FieldName": "3f_LLC",
          "IsMultiValue": false,
          "Type": "Boolean",
          "DeriveFieldsFormat": "",
          "Components": [],
          "SetValues": [],
          "Metadata": [
            {
              "Key": "RequiresReference",
              "Value": "false"
            }
          ],
          "RuleSet": null,
          "DefaultValue": null,
          "DataSource": null
        },
        {
          "FieldId": "StructuredDocuments.LendingForms.W-9.3f_LLCTaxClassification",
          "FieldName": "3f_LLC Tax Classification",
          "IsMultiValue": false,
          "Type": "Text",
          "DeriveFieldsFormat": "",
          "Components": [],
          "SetValues": [],
          "Metadata": [
            {
              "Key": "RequiresReference",
              "Value": "false"
            }
          ],
          "RuleSet": null,
          "DefaultValue": null,
          "DataSource": null
        },
        {
          "FieldId": "StructuredDocuments.LendingForms.W-9.3g_Other",
          "FieldName": "3g_Other",
          "IsMultiValue": false,
          "Type": "Boolean",
          "DeriveFieldsFormat": "",
          "Components": [],
          "SetValues": [],
          "Metadata": [
            {
              "Key": "RequiresReference",
              "Value": "false"
            }
          ],
          "RuleSet": null,
          "DefaultValue": null,
          "DataSource": null
        },
        {
          "FieldId": "StructuredDocuments.LendingForms.W-9.3g_OtherDetail",
          "FieldName": "3g_Other Detail",
          "IsMultiValue": false,
          "Type": "Text",
          "DeriveFieldsFormat": "",
          "Components": [],
          "SetValues": [],
          "Metadata": [
            {
              "Key": "RequiresReference",
              "Value": "false"
            }
          ],
          "RuleSet": null,
          "DefaultValue": null,
          "DataSource": null
        },
        {
          "FieldId": "StructuredDocuments.LendingForms.W-9.5_Address",
          "FieldName": "5_Address",
          "IsMultiValue": false,
          "Type": "Text",
          "DeriveFieldsFormat": "",
          "Components": [],
          "SetValues": [],
          "Metadata": [
            {
              "Key": "RequiresReference",
              "Value": "true"
            }
          ],
          "RuleSet": null,
          "DefaultValue": null,
          "DataSource": null
        },
        {
          "FieldId": "StructuredDocuments.LendingForms.W-9.6_CityStateZIP",
          "FieldName": "6_City State ZIP",
          "IsMultiValue": false,
          "Type": "Text",
          "DeriveFieldsFormat": "",
          "Components": [],
          "SetValues": [],
          "Metadata": [
            {
              "Key": "RequiresReference",
              "Value": "true"
            }
          ],
          "RuleSet": null,
          "DefaultValue": null,
          "DataSource": null
        },
        {
          "FieldId": "StructuredDocuments.LendingForms.W-9.7_AcctNumber",
          "FieldName": "7_Acct Number",
          "IsMultiValue": false,
          "Type": "Text",
          "DeriveFieldsFormat": "",
          "Components": [],
          "SetValues": [],
          "Metadata": [
            {
              "Key": "RequiresReference",
              "Value": "true"
            }
          ],
          "RuleSet": null,
          "DefaultValue": null,
          "DataSource": null
        },
        {
          "FieldId": "StructuredDocuments.LendingForms.W-9.TIN_SSN",
          "FieldName": "TIN_SSN",
          "IsMultiValue": false,
          "Type": "Text",
          "DeriveFieldsFormat": "",
          "Components": [],
          "SetValues": [],
          "Metadata": [
            {
              "Key": "RequiresReference",
              "Value": "true"
            }
          ],
          "RuleSet": null,
          "DefaultValue": null,
          "DataSource": null
        },
        {
          "FieldId": "StructuredDocuments.LendingForms.W-9.TIN_EIN",
          "FieldName": "TIN_EIN",
          "IsMultiValue": false,
          "Type": "Text",
          "DeriveFieldsFormat": "",
          "Components": [],
          "SetValues": [],
          "Metadata": [
            {
              "Key": "RequiresReference",
              "Value": "true"
            }
          ],
          "RuleSet": null,
          "DefaultValue": null,
          "DataSource": null
        },
        {
          "FieldId": "StructuredDocuments.LendingForms.W-9.Certification_Signature",
          "FieldName": "Certification_Signature",
          "IsMultiValue": false,
          "Type": "Boolean",
          "DeriveFieldsFormat": "",
          "Components": [],
          "SetValues": [],
          "Metadata": [
            {
              "Key": "RequiresReference",
              "Value": "false"
            }
          ],
          "RuleSet": null,
          "DefaultValue": null,
          "DataSource": null
        },
        {
          "FieldId": "StructuredDocuments.LendingForms.W-9.Certification_SignatureDate",
          "FieldName": "Certification_Signature Date",
          "IsMultiValue": false,
          "Type": "Date",
          "DeriveFieldsFormat": "",
          "Components": [],
          "SetValues": [],
          "Metadata": [
            {
              "Key": "RequiresReference",
              "Value": "true"
            }
          ],
          "RuleSet": null,
          "DefaultValue": null,
          "DataSource": null
        }
      ]
    },
    {
      "Connections": [],
      "DocumentTypeId": "Documents.Other.Certificate-of-filing",
      "Group": "Documents",
      "Category": "Other",
      "Name": "Certificate-of-filing",
      "OptionalUniqueIdentifier": null,
      "TypeField": {
        "FieldId": "Documents.Other.Certificate-of-filing.DocumentType",
        "FieldName": "Document Type"
      },
      "Fields": [
        {
          "FieldId": "Documents.Other.Certificate-of-filing.FileNumber",
          "FieldName": "File Number",
          "IsMultiValue": false,
          "Type": "Text",
          "DeriveFieldsFormat": "",
          "Components": [],
          "SetValues": [],
          "Metadata": [
            {
              "Key": "RequiresReference",
              "Value": "true"
            }
          ],
          "RuleSet": null,
          "DefaultValue": null,
          "DataSource": null
        },
        {
          "FieldId": "Documents.Other.Certificate-of-filing.Dated",
          "FieldName": "Dated",
          "IsMultiValue": false,
          "Type": "Text",
          "DeriveFieldsFormat": "",
          "Components": [],
          "SetValues": [],
          "Metadata": [
            {
              "Key": "RequiresReference",
              "Value": "true"
            }
          ],
          "RuleSet": null,
          "DefaultValue": null,
          "DataSource": null
        },
        {
          "FieldId": "Documents.Other.Certificate-of-filing.Effective",
          "FieldName": "Effective",
          "IsMultiValue": false,
          "Type": "Text",
          "DeriveFieldsFormat": "",
          "Components": [],
          "SetValues": [],
          "Metadata": [],
          "RuleSet": null,
          "DefaultValue": "",
          "DataSource": null
        },
        {
          "FieldId": "Documents.Other.Certificate-of-filing.State",
          "FieldName": "State",
          "IsMultiValue": false,
          "Type": "Text",
          "DeriveFieldsFormat": "",
          "Components": [],
          "SetValues": [],
          "Metadata": [
            {
              "Key": "Color",
              "Value": "#20389d"
            },
            {
              "Key": "Hotkey",
              "Value": "a"
            }
          ],
          "RuleSet": null,
          "DefaultValue": "",
          "DataSource": null
        }
      ]
    }
  ],
  "Groups": [
    {
      "Name": "Documents",
      "Categories": [
        "Other"
      ]
    },
    {
      "Name": "Semi-StructuredDocuments",
      "Categories": [
        "Financial"
      ]
    },
    {
      "Name": "Structured Documents",
      "Categories": [
        "Lending Forms"
      ]
    }
  ],
  "SupportedLanguages": [
    {
      "Name": "Undetermined Language",
      "Code": "und"
    },
    {
      "Name": "Bulgarian",
      "Code": "bul"
    },
    {
      "Name": "Cantonese",
      "Code": "yue"
    },
    {
      "Name": "Danish",
      "Code": "dan"
    },
    {
      "Name": "Dutch",
      "Code": "nld"
    },
    {
      "Name": "English",
      "Code": "eng"
    },
    {
      "Name": "French",
      "Code": "fra"
    },
    {
      "Name": "Georgian",
      "Code": "kat"
    },
    {
      "Name": "German",
      "Code": "deu"
    },
    {
      "Name": "Greek",
      "Code": "ell"
    },
    {
      "Name": "Hebrew",
      "Code": "heb"
    },
    {
      "Name": "Hindi",
      "Code": "hin"
    },
    {
      "Name": "Italian",
      "Code": "ita"
    },
    {
      "Name": "Japanese",
      "Code": "jpn"
    },
    {
      "Name": "Korean",
      "Code": "kor"
    },
    {
      "Name": "Macedonian",
      "Code": "mkd"
    },
    {
      "Name": "Mandarin",
      "Code": "zho"
    },
    {
      "Name": "Marathi",
      "Code": "mar"
    },
    {
      "Name": "Norwegian",
      "Code": "nor"
    },
    {
      "Name": "Polish",
      "Code": "pol"
    },
    {
      "Name": "Portuguese",
      "Code": "por"
    },
    {
      "Name": "Romanian",
      "Code": "ron"
    },
    {
      "Name": "Russian",
      "Code": "rus"
    },
    {
      "Name": "Serbian",
      "Code": "srp"
    },
    {
      "Name": "Spanish",
      "Code": "spa"
    },
    {
      "Name": "Swedish",
      "Code": "swe"
    },
    {
      "Name": "Telugu",
      "Code": "tel"
    }
  ]
}