[{"DocumentTypeId":"AffordableInsurance.HCPC.DP3","Keywords":[{"Values":["dp3"],"NumberOfTimesConfirmed":1,"LastUpdated":"2024-07-08T14:35:23.2361531+05:30"}]},{"DocumentTypeId":"AffordableInsurance.HCPC.HO3","Keywords":[{"Values":["ho3"],"NumberOfTimesConfirmed":1,"LastUpdated":"2024-07-08T14:35:23.2367722+05:30"}]},{"DocumentTypeId":"PGIBInsurance.NoCategory.SveaMutual","Keywords":[{"Values":["svea mutual insurance"],"NumberOfTimesConfirmed":1,"LastUpdated":"2024-07-25T14:45:51.6310663+05:30"}]}]
