{
  "Workflows": [
    {
      "Path": null,
      "SortBy": 0,
      "VariablesSectionElementsOrder": [],
      "ArgumentsSectionElementsOrder": null,
      "ConstantsSectionElementsOrder": [],
      "AddedNamespaces": null
    },
    {
      "Path": "Reading Process.xaml",
      "SortBy": 0,
      "VariablesSectionElementsOrder": [
        "DocumentPath&Sequence_3",
        "Taxonomy&Sequence_3",
        "DocText&Sequence_3",
        "DOM&Sequence_3",
        "ClassificationResults&Sequence_3",
        "ExtractionResults&Sequence_3",
        "Val_claasificationResult&Sequence_3",
        "ExportedPdf&Sequence_3",
        "ValidatedExtractionResults&Sequence_3",
        "ActionObject&Sequence_3",
        "OutputDataset&Sequence_8"
      ],
      "ArgumentsSectionElementsOrder": [
        "In_InsuranceDocument"
      ],
      "ConstantsSectionElementsOrder": [],
      "AddedNamespaces": null
    },
    {
      "Path": "Main.xaml",
      "SortBy": 0,
      "VariablesSectionElementsOrder": [],
      "ArgumentsSectionElementsOrder": [],
      "ConstantsSectionElementsOrder": [],
      "AddedNamespaces": null
    },
    {
      "Path": "File Processing Flowchart.xaml",
      "SortBy": 0,
      "VariablesSectionElementsOrder": [],
      "ArgumentsSectionElementsOrder": [
        "in_TargetFile"
      ],
      "ConstantsSectionElementsOrder": [],
      "AddedNamespaces": null
    }
  ]
}