{
  "Workflows": [
    {
      "Path": null,
      "SortBy": 0,
      "VariablesSectionElementsOrder": [],
      "ArgumentsSectionElementsOrder": null,
      "ConstantsSectionElementsOrder": [],
      "AddedNamespaces": null
    },
    {
      "Path": "Main-Attended.xaml",
      "SortBy": 0,
      "VariablesSectionElementsOrder": [
        "config&Sequence_9",
        "maxAttempts&Sequence_9",
        "retryInterval&Sequence_9",
        "TransactionItem&Sequence_9",
        "docTaxonomy&Flowchart_10",
        "docText&Flowchart_10",
        "dom&Flowchart_10",
        "classificationResultsArray&Flowchart_10",
        "classificationSuccessFlag&Flowchart_10",
        "currentPageRange&TryCatch_6",
        "extractionResults&TryCatch_6",
        "extractionSuccessFlag&Flowchart_13",
        "validatedExtractionResults&Sequence_65",
        "validatedClassificationResults&Sequence_73"
      ],
      "ArgumentsSectionElementsOrder": [
        "in_TargetFile",
        "in_UseQueue"
      ],
      "ConstantsSectionElementsOrder": [],
      "AddedNamespaces": null
    },
    {
      "Path": "Framework/30_Classify.xaml",
      "SortBy": 0,
      "VariablesSectionElementsOrder": [],
      "ArgumentsSectionElementsOrder": [
        "in_TargetDocument",
        "in_DocTaxonomy",
        "in_DOM",
        "in_DocText",
        "in_Config",
        "in_MaxAttempts",
        "in_RetryInterval",
        "out_ClassificationResultsArray"
      ],
      "ConstantsSectionElementsOrder": [],
      "AddedNamespaces": null
    },
    {
      "Path": "Framework/50_Extract.xaml",
      "SortBy": 0,
      "VariablesSectionElementsOrder": [],
      "ArgumentsSectionElementsOrder": [
        "in_TargetDocument",
        "in_DocTaxonomy",
        "in_DOM",
        "in_DocText",
        "in_ClassificationResult",
        "in_Config",
        "in_MaxAttempts",
        "in_RetryInterval",
        "out_ExtractionResults"
      ],
      "ConstantsSectionElementsOrder": [],
      "AddedNamespaces": null
    },
    {
      "Path": "FunctionsCreated/DataPushToDataTable.xaml",
      "SortBy": 0,
      "VariablesSectionElementsOrder": [
        "Values&Sequence_1",
        "Headers&Sequence_1",
        "HeadersStr&Sequence_1",
        "ValuesStr&Sequence_1",
        "db_Connection&Sequence_1",
        "ValuesStr2&Sequence_1",
        "RecAffected&Sequence_1",
        "dt_SimpleField_Format&Sequence_24"
      ],
      "ArgumentsSectionElementsOrder": [
        "dt_OptionalCoverage",
        "dt_SimpleFields",
        "in_OutPutPath",
        "in_SheetName"
      ],
      "ConstantsSectionElementsOrder": [],
      "AddedNamespaces": null
    },
    {
      "Path": "Framework/70_Export.xaml",
      "SortBy": 0,
      "VariablesSectionElementsOrder": [
        "MedicalPayment&Sequence_1",
        "dt_OptionalCoverage&Sequence_1",
        "outputPath&Sequence_1",
        "exportDataSet&Sequence_1",
        "dt_SimpleFields&Sequence_1",
        "OptionalCoverage&Sequence_1",
        "PolicyNumber&Sequence_1",
        "EffectiveDate&Sequence_1",
        "InsuredName&Sequence_1"
      ],
      "ArgumentsSectionElementsOrder": [
        "in_ExtractionResults",
        "in_Config",
        "in_MaxAttempts",
        "in_RetryInterval",
        "in_DatabaseConnection",
        "in_DocumentName",
        "in_InsuranceFilePath",
        "in_SuccessPath"
      ],
      "ConstantsSectionElementsOrder": [],
      "AddedNamespaces": null
    },
    {
      "Path": "TestingDispatcher.xaml",
      "SortBy": 0,
      "VariablesSectionElementsOrder": [
        "MedicalPayment&Sequence_1",
        "dt_Simplefields&Sequence_1"
      ],
      "ArgumentsSectionElementsOrder": [],
      "ConstantsSectionElementsOrder": [],
      "AddedNamespaces": null
    },
    {
      "Path": "FunctionsCreated/AddReferenceTransanctionItem.xaml",
      "SortBy": 0,
      "VariablesSectionElementsOrder": [],
      "ArgumentsSectionElementsOrder": [
        "in_MedicalPayment",
        "in_PolicyNumber",
        "in_EffectiveDate",
        "in_DocumentName",
        "in_InsuredName"
      ],
      "ConstantsSectionElementsOrder": [],
      "AddedNamespaces": null
    },
    {
      "Path": "FunctionsCreated/Email_automation for Failure.xaml",
      "SortBy": 0,
      "VariablesSectionElementsOrder": [
        "MailAddressTo&Sequence_1",
        "MailAddresscc&Sequence_1",
        "Username&Sequence_1",
        "Password&Sequence_1"
      ],
      "ArgumentsSectionElementsOrder": [
        "in_InsuredName",
        "in_PolicyNumber"
      ],
      "ConstantsSectionElementsOrder": [],
      "AddedNamespaces": null
    },
    {
      "Path": "GlobalHandler.xaml",
      "SortBy": 0,
      "VariablesSectionElementsOrder": [
        "answer&Sequence_1",
        "retry&Sequence_1"
      ],
      "ArgumentsSectionElementsOrder": [
        "errorInfo",
        "result"
      ],
      "ConstantsSectionElementsOrder": [],
      "AddedNamespaces": null
    },
    {
      "Path": "Framework/60_TrainExtractors.xaml",
      "SortBy": 0,
      "VariablesSectionElementsOrder": [],
      "ArgumentsSectionElementsOrder": [
        "in_TargetDocument",
        "in_DocTaxonomy",
        "in_DOM",
        "in_DocText",
        "in_ValidatedExtractionResults",
        "in_Config",
        "in_MaxAttempts",
        "in_RetryInterval"
      ],
      "ConstantsSectionElementsOrder": [],
      "AddedNamespaces": null
    },
    {
      "Path": "Framework/20_Digitize.xaml",
      "SortBy": 0,
      "VariablesSectionElementsOrder": [],
      "ArgumentsSectionElementsOrder": [
        "in_TargetDocument",
        "in_Config",
        "in_MaxAttempts",
        "in_RetryInterval",
        "out_DOM",
        "out_DocText"
      ],
      "ConstantsSectionElementsOrder": [],
      "AddedNamespaces": null
    },
    {
      "Path": "Framework/10_InitializeProcess.xaml",
      "SortBy": 0,
      "VariablesSectionElementsOrder": [
        "configDT&Sequence_4",
        "assetValue&Sequence_4"
      ],
      "ArgumentsSectionElementsOrder": [
        "in_AssetsSheet",
        "in_ConfigFile",
        "in_MaxAttempts",
        "in_RetryInterval",
        "io_Config",
        "out_DocTaxonomy",
        "out_DatabaseConnection"
      ],
      "ConstantsSectionElementsOrder": [],
      "AddedNamespaces": null
    },
    {
      "Path": "Framework/15_GetTransactionItem.xaml",
      "SortBy": 0,
      "VariablesSectionElementsOrder": [],
      "ArgumentsSectionElementsOrder": [
        "in_Config",
        "in_MaxAttempts",
        "in_RetryInterval",
        "out_TargetFile",
        "out_TransactionItem"
      ],
      "ConstantsSectionElementsOrder": [],
      "AddedNamespaces": null
    },
    {
      "Path": "Framework/80_EndProcess.xaml",
      "SortBy": 0,
      "VariablesSectionElementsOrder": [],
      "ArgumentsSectionElementsOrder": [
        "in_TransactionItem",
        "in_Config",
        "in_MaxAttempts",
        "in_RetryInterval"
      ],
      "ConstantsSectionElementsOrder": [],
      "AddedNamespaces": null
    },
    {
      "Path": "Framework/ReusableWorkflows/SetTransactionStatus.xaml",
      "SortBy": 0,
      "VariablesSectionElementsOrder": [],
      "ArgumentsSectionElementsOrder": [
        "in_TransactionItem",
        "in_Exception",
        "in_Config",
        "in_MaxAttempts",
        "in_RetryInterval"
      ],
      "ConstantsSectionElementsOrder": [],
      "AddedNamespaces": null
    }
  ]
}