{
  "mockedWorkflows": [
    {
      "mockFilePath": "Mocks\\Framework\\15_GetTransactionItem_mock.xaml",
      "sourceWorkflowPath": "Framework\\15_GetTransactionItem.xaml"
    },
    {
      "mockFilePath": "Mocks\\Framework\\15_GetTransactionItem_mock_1.xaml",
      "sourceWorkflowPath": "Framework\\15_GetTransactionItem.xaml"
    },
    {
      "mockFilePath": "Mocks\\Framework\\ReusableWorkflows\\InvoicePostProcessing_mock.xaml",
      "sourceWorkflowPath": "Framework\\ReusableWorkflows\\InvoicePostProcessing.xaml"
    },
    {
      "mockFilePath": "Mocks\\Framework\\ReusableWorkflows\\InvoicePostProcessing_mock_1.xaml",
      "sourceWorkflowPath": "Framework\\ReusableWorkflows\\InvoicePostProcessing.xaml"
    },
    {
      "mockFilePath": "Mocks\\Framework\\ReusableWorkflows\\InvoicePostProcessing_mock_2.xaml",
      "sourceWorkflowPath": "Framework\\ReusableWorkflows\\InvoicePostProcessing.xaml"
    },
    {
      "mockFilePath": "Mocks\\Framework\\ReusableWorkflows\\InvoicePostProcessing_mock_3.xaml",
      "sourceWorkflowPath": "Framework\\ReusableWorkflows\\InvoicePostProcessing.xaml"
    },
    {
      "mockFilePath": "Mocks\\Framework\\ReusableWorkflows\\InvoicePostProcessing_mock_4.xaml",
      "sourceWorkflowPath": "Framework\\ReusableWorkflows\\InvoicePostProcessing.xaml"
    },
    {
      "mockFilePath": "Mocks\\Framework\\ReusableWorkflows\\InvoicePostProcessing_mock_5.xaml",
      "sourceWorkflowPath": "Framework\\ReusableWorkflows\\InvoicePostProcessing.xaml"
    },
    {
      "mockFilePath": "Mocks\\Framework\\ReusableWorkflows\\ReceiptPostProcessing_mock.xaml",
      "sourceWorkflowPath": "Framework\\ReusableWorkflows\\ReceiptPostProcessing.xaml"
    },
    {
      "mockFilePath": "Mocks\\Framework\\ReusableWorkflows\\ReceiptPostProcessing_mock_1.xaml",
      "sourceWorkflowPath": "Framework\\ReusableWorkflows\\ReceiptPostProcessing.xaml"
    },
    {
      "mockFilePath": "Mocks\\Framework\\ReusableWorkflows\\ReceiptPostProcessing_mock_2.xaml",
      "sourceWorkflowPath": "Framework\\ReusableWorkflows\\ReceiptPostProcessing.xaml"
    },
    {
      "mockFilePath": "Mocks\\Framework\\ReusableWorkflows\\ReceiptPostProcessing_mock_3.xaml",
      "sourceWorkflowPath": "Framework\\ReusableWorkflows\\ReceiptPostProcessing.xaml"
    },
    {
      "mockFilePath": "Mocks\\Framework\\ReusableWorkflows\\ReceiptPostProcessing_mock_4.xaml",
      "sourceWorkflowPath": "Framework\\ReusableWorkflows\\ReceiptPostProcessing.xaml"
    },
    {
      "mockFilePath": "Mocks\\Framework\\ReusableWorkflows\\AutocorrectOcrMistakes_mock.xaml",
      "sourceWorkflowPath": "Framework\\ReusableWorkflows\\AutocorrectOcrMistakes.xaml"
    }
  ]
}