{
  "Workflows": [
    {
      "Path": null,
      "SortBy": 0,
      "VariablesSectionElementsOrder": [],
      "ArgumentsSectionElementsOrder": null,
      "ConstantsSectionElementsOrder": [],
      "AddedNamespaces": null
    },
    {
      "Path": "Main.xaml",
      "SortBy": 0,
      "VariablesSectionElementsOrder": [
        "Duration&Sequence_87",
        "CrrTime&Sequence_87",
        "GmailAttachment&Sequence_10",
        "LocalPath&Sequence_10",
        "DownloadPath&Sequence_10",
        "Filename&Sequence_10",
        "EmailSender&Sequence_10",
        "EmailBody&Sequence_10",
        "CrrFileName&Sequence_10",
        "Flag_download&Sequence_10",
        "DurationPeriod&Sequence_1",
        "Duration&Sequence_25",
        "JobId_X&Sequence_1",
        "Flag&Sequence_1",
        "Others&Sequence_1",
        "Naukri&Sequence_1",
        "SundewCareer&Sequence_1",
        "LinkedIn&Sequence_1",
        "JobId_F&Sequence_1",
        "InValidChars&Sequence_1",
        "JobId&Sequence_1",
        "NoOfEmails&Sequence_1",
        "Zip_compressed&Sequence_1",
        "JobID2&Sequence_1",
        "JobID1&Sequence_1",
        "MultipleValueCheck&Sequence_25",
        "Fl_exists&Sequence_60",
        "FolderCheck&Sequence_28"
      ],
      "ArgumentsSectionElementsOrder": [
        "in_FilePath"
      ],
      "ConstantsSectionElementsOrder": [],
      "AddedNamespaces": null
    },
    {
      "Path": "test.xaml",
      "SortBy": 0,
      "VariablesSectionElementsOrder": [
        "DurationPeriod&Sequence_1",
        "CrrTime&Sequence_17",
        "Duration&Sequence_17",
        "FIlePath&Sequence_1",
        "FolderExists&Sequence_1",
        "JobId&Sequence_1"
      ],
      "ArgumentsSectionElementsOrder": [
        "in_FilePath"
      ],
      "ConstantsSectionElementsOrder": [],
      "AddedNamespaces": null
    },
    {
      "Path": "Naukriresume download.xaml",
      "SortBy": 0,
      "VariablesSectionElementsOrder": [
        "NaukriEmail&Sequence_3",
        "DurationPeriod&Sequence_3",
        "JobID&Sequence_3"
      ],
      "ArgumentsSectionElementsOrder": [],
      "ConstantsSectionElementsOrder": [],
      "AddedNamespaces": null
    }
  ]
}